code,name,level,ward,status,menu_posts_total,menu_posts_this_year,weeks_with_posts,last_menu_date,last_menu_url,error
thcslehongphong-condao,Trường THCS Lê Hồng Phong,thcs,dackhucondao,none,0,0,0,,,
mn8q5,Mầm non 8,mn,phuongandong,regular,15,3,2,2026-09-20,http://mn8q5.hcm.edu.vn/thuc-don-cho-be/truong-mam-non-8-gui-den-quy-phu-huynh-thuc-don-tre-tu-ngay-219-den-2592026/ct/71399/888325,
mn9q5,Mầm non 9,mn,phuongandong,regular,12,12,3,2026-09-24,https://mn9q5.hcm.edu.vn/suc-khoe-dinh-duong/thuc-don-ngay-24-thang-9-nam-2026/ct/28777/889250,
mnhoangyenq5,Mầm non Hoàng Yến,mn,phuongandong,regular,62,14,4,2026-09-24,http://mnhoangyenq5.hcm.edu.vn/ba-cong-khai/thuc-don-ngay-24-thang-9-nam-2026/ct/77953/889241,
mnsoncaq5,Mầm non Sơn Ca,mn,phuongandong,regular,45,5,3,2026-09-18,https://mnsoncaq5.hcm.edu.vn/nam-hoc-2026-2027/thuc-don-tuan-3-thang-9-219-2592026/ct/111259/888078,
thchuongduongq5,Tiểu Học Chương Dương,th,phuongandong,regular,35,4,3,2026-09-20,https://thchuongduongq5.hcm.edu.vn/thuc-don-ban-tru-nam-hoc-2026-2027/thuc-don-tuan-3/ct/147688/1410955,
thhuynhkienhoa,Tiểu Học Huỳnh Kiến Hoa,th,phuongandong,none,0,0,0,,,
thhuynhmandat,Tiểu Học Huỳnh Mẫn Đạt,th,phuongandong,regular,14,4,2,2026-09-19,http://thhuynhmandat.hcm.edu.vn/nam-hoc-2026-2027/thuc-don-ban-tru-tuan-4/ct/147902/1410876,
thphamhongthai,Tiểu Học Phạm Hồng Thái,th,phuongandong,regular,35,4,3,2026-09-19,https://thphamhongthai.hcm.edu.vn/thuc-don-nh-2026-2027/thuc-don-tuan/ct/147814/1410820,
thtranquoctoanq5,Tiểu Học Trần Quốc Toản,th,phuongandong,stale,18,0,0,2026-05-22,https://thtranquoctoanq5.hcm.edu.vn/ba-cong-khai/thuc-don-ban-tru-tuan-36-nam-hoc-2025-2026/ct/124413/1393793,
thcskimdong,THCS Kim Đồng,thcs,phuongandong,none,0,0,0,,,
mnhoangyengovap,Mầm non Hoàng Yến,mn,phuonganhoidong,regular,15,2,2,2026-09-20,https://mnhoangyengovap.hcm.edu.vn/thuc-don/thuc-don-tu-2192026-den-2592026/ct/107183/888249,
mnhoasengovap,Mầm non Hoa Sen,mn,phuonganhoidong,regular,16,4,2,2026-09-19,https://mnhoasengovap.hcm.edu.vn/thuc-don/du-kien-thuc-don-dinh-duong-tuan-le-tu-ngay-21092026-den-ngay-25092026/ct/84491/888209,
mnmaivanggovap,MN Mai Vàng,mn,phuonganhoidong,regular,17,14,3,2026-09-24,https://mnmaivanggovap.hcm.edu.vn/mon-ngon-moi-ngay/khau-phan-an-cua-tre-ngay-2492026/ct/111199/889201,
mnngoclangovap,Mầm non Ngọc Lan,mn,phuonganhoidong,stale,16,0,0,2026-08-01,https://mnngoclangovap.hcm.edu.vn/cham-soc-nuoi-duong/du-kien-thuc-don-tuan-cua-be-tuan-tu-03082026-den-07082026/ct/41556/882071,
mnsenhonggovap,Mầm non Sen Hồng,mn,phuonganhoidong,stale,15,0,0,2026-07-31,http://mnsenhonggovap.hcm.edu.vn/thuc-don/thuc-don-cho-tre-tu-ngay-0382026-den-ngay-0782026/ct/89769/882236,
thleductho,TH Lê Đức Thọ,th,phuonganhoidong,regular,15,15,3,2026-09-24,http://thleductho.hcm.edu.vn/thuc-don-ban-tru/thuc-don-tuan-4-truong-tieu-hoc-le-duc-tho-ap-dung-tu-ngay-28-thang-9-den-ngay/ct/137616/1412304,
thlehoan,Tiểu Học Lê Hoàn,th,phuonganhoidong,regular,15,12,3,2026-09-24,http://thlehoan.hcm.edu.vn/thuc-don-ban-tru/bua-an-ban-tru-ngay-2492026/ct/129055/1412331,
thlethihonggamgovap,Tiểu Học Lê Thị Hồng Gấm,th,phuonganhoidong,regular,19,14,2,2026-09-24,https://thlethihonggamgovap.hcm.edu.vn/thuc-don/thuc-don-tuan-3/ct/130109/1412284,
thlevanthogv,TH Lê Văn Thọ,th,phuonganhoidong,regular,85,5,2,2026-09-15,https://thlevanthogv.hcm.edu.vn/thuc-don/mon-an-ban-tru-15-9-2026/ct/128934/1410132,
thphanchutrinhgovap,Trường Tiểu học Phan Chu Trinh,th,phuonganhoidong,regular,35,15,3,2026-09-24,https://thphanchutrinhgovap.hcm.edu.vn/cong-khai/hinh-anh-suat-an-cua-hoc-sinh-ban-tru-ngay-2492026/ct/113030/1412438,
thvothisaugovap,Tiểu Học Võ Thị Sáu,th,phuonganhoidong,none,0,0,0,,,
thcslytutrong,THCS Lý Tự Trọng,thcs,phuonganhoidong,regular,14,7,4,2026-09-24,https://thcslytutrong.hcm.edu.vn/thuc-don-ban-tru-a-menu-for-day-boarding-students/suat-an-ban-tru-trua-thu-nam-ngay-2492026/ct/104626/762345,
thcsnguyentraigovap,THCS Nguyễn Trãi,thcs,phuonganhoidong,regular,19,3,2,2026-09-19,https://thcsnguyentraigovap.hcm.edu.vn/nam-hoc-2026-2027/thuc-don-tuan-3/ct/111236/760205,
thcsphantayho,THCS Phan Tây Hồ,thcs,phuonganhoidong,regular,17,3,3,2026-09-19,https://thcsphantayho.hcm.edu.vn/hoat-dong-ban-tru/thuc-don-bua-an-cua-hoc-sinh-ban-tru-truong-thcs-phan-tay-ho-tuan-le-tu-ngay-21/ct/99521/760945,
mnhuongduonggovap,Mầm non Hướng Dương,mn,phuonganhoitay,active,16,1,1,2026-09-06,https://mnhuongduonggovap.hcm.edu.vn/hoat-dong-cham-soc-nuoi-duong/thuc-don-tuan-2-thang-9-nam-2026/ct/90253/887488,
mnsocnaugovap,Mầm non Sóc Nâu,mn,phuonganhoitay,regular,16,3,3,2026-09-18,https://mnsocnaugovap.hcm.edu.vn/thuc-don-tuan/thuc-don-tuan-tu-ngay-21-9-den-ngay-25-9-2026/ct/87266/888113,
thdangthuytram-anhoitay,Tiểu học Đặng Thùy Trâm,th,phuonganhoitay,regular,29,3,3,2026-09-19,https://thdangthuytram-anhoitay.hcm.edu.vn/ban-tru/thuc-don-tuan-3-tu-21092026-26092026/ct/141616/1410795,
thlamsongovap,Tiểu Học Lam Sơn,th,phuonganhoitay,regular,91,17,3,2026-09-24,https://thlamsongovap.hcm.edu.vn/cong-khai-thong-tin-bua-an-hang-ngay/hinh-anh-bua-an-trua-cua-hoc-sinh-ngay-2492026/ct/147866/1412252,
thlequydongovap,Tiểu Học Lê Quý Đôn,th,phuonganhoitay,regular,15,14,3,2026-09-23,http://thlequydongovap.hcm.edu.vn/cong-khai-thong-tin-bua-an-hang-ngay/hinh-anh-phan-an-trua-va-an-xe-cua-hoc-sinh-ngay-23092026/ct/147869/1412055,
thcshuynhvannghegovap,THCS Huỳnh Văn Nghệ,thcs,phuonganhoitay,regular,29,16,3,2026-09-23,https://thcshuynhvannghegovap.hcm.edu.vn/hinh-anh-khay-an-thuc-te/bua-an-thuc-te-ngay-23092026/ct/111240/760965,
thcstanson,THCS Tân Sơn,thcs,phuonganhoitay,regular,13,6,2,2026-09-24,https://thcstanson.hcm.edu.vn/ban-tru/hinh-anh-bua-an-ban-tru-ngay-24092026/ct/92463/762400,
mn19thang5q2,Mầm non 19-5 Quận 2,mn,phuongankhanh,stale,5,0,0,2025-01-10,https://mn19thang5q2.hcm.edu.vn/dinh-duong-suc-khoe/thuc-don-tuan-3-thang-01-nam-2025/ct/97399/720676,
mnanbinh,Mầm non An Bình - TP. Thủ Đức,mn,phuongankhanh,stale,17,0,0,2026-07-27,https://mnanbinh.hcm.edu.vn/thuc-don/thuc-don-tuan-7-cua-tre/ct/99866/881303,
mnankhanhtd,Trường Mầm non An Khánh,mn,phuongankhanh,none,0,0,0,,,
mnbinhanq2,Mầm non Bình An,mn,phuongankhanh,stale,1,0,0,2024-12-28,http://mnbinhanq2.hcm.edu.vn/bai-giang-giao-an/chuyen-de-to-chuc-bua-an-cho-tre-mau-giao-tai-lop-mam-1-va-la-3/ct/29037/716906,
mnthaodien,Mầm non Thảo Điền,mn,phuongankhanh,stale,14,0,0,2018-12-24,https://mnthaodien.hcm.edu.vn/thuc-don-cua-be/thuc-don-tuan-4-thang-122018/ct/75720/361516,
thanbinh,Trường Tiểu học An Bình,th,phuongankhanh,stale,75,0,0,2026-04-20,https://thanbinh.hcm.edu.vn/thuc-don-ban-tru-nh-2025-2026/thuc-don-ban-tru-thang-4-tuan-34/ct/141913/1384082,
thankhanh,Trường Tiểu học An Khánh,th,phuongankhanh,regular,3,3,3,2026-09-18,https://thankhanh.hcm.edu.vn/nam-hoc-2026-2027/thuc-don-thang-9-tuan-4/ct/147807/1410620,
thhuynhvanngoi,Tiểu Học Huỳnh Văn Ngỡi,th,phuongankhanh,regular,10,4,3,2026-09-19,https://thhuynhvanngoi.hcm.edu.vn/ban-tru/thuc-don-tuan-4-tu-ngay-219-den-2592026/ct/139605/1410860,
thnguyenthitu,TIỂU HỌC NGUYỄN THỊ TƯ,th,phuongankhanh,none,0,0,0,,,
muaxuanhungdongaurora,Trường Mùa Xuân Aurora,thcs,phuongankhanh,none,0,0,0,,,
thcsanphuq2,THCS An Phú - Quận 2,thcs,phuongankhanh,regular,21,3,2,2026-09-20,https://thcsanphuq2.hcm.edu.vn/thuc-don-ban-tru/thuc-don-ban-tru-tuan-03-nh26-27/ct/99886/760317,
thcsbinhanq2,THCS Bình An,thcs,phuongankhanh,stale,1,0,0,2020-03-25,https://thcsbinhanq2.hcm.edu.vn/cong-nghe-giao-duc-cong-dan/cong-nghe-6-bai-21-to-chuc-bua-an-hop-ly-trong-gia-dinh/ct/86752/432819,
mn19thang5binhtan,Mầm non 19 tháng 5,mn,phuonganlac,none,0,0,0,,,
mn20-10,MN 20-10,mn,phuonganlac,none,0,0,0,,,
mndalyhuong,Mầm non Dạ Lý Hương,mn,phuonganlac,active,6,1,1,2026-09-18,https://mndalyhuong.hcm.edu.vn/hinh-anh-mon-an-cua-tre/thuc-don-trong-tuan-tu-ngay-2192026-den-ngay-2592026/ct/101681/887892,
mndalyhuong-phanhieu,Mầm non Dạ Lý Hương Phân Hiệu,mn,phuonganlac,none,0,0,0,,,
mnhoadao,Mầm non Hoa Đào,mn,phuonganlac,stale,16,0,0,2026-05-12,https://mnhoadao.hcm.edu.vn/dinh-duong-hang-ngay/thuc-don-tu-ngay-1152026-den-ngay-1552026/ct/20626/866162,
mnhoahongbinhtan,Mầm non Hoa Hồng,mn,phuonganlac,stale,18,0,0,2024-12-12,https://mnhoahongbinhtan.hcm.edu.vn/cong-tac-cham-soc-nuoi-duong/thuc-don-cho-tre-tu-ngay-16122024-den-ngay-20122024/ct/85422/711536,
mnhoanganhbinhtan,Mầm non Hoàng Anh,mn,phuonganlac,active,9,2,1,2026-09-24,https://mnhoanganhbinhtan.hcm.edu.vn/thuc-don-trong-tuan/thuc-don-tuan-4-thang-92026/ct/109958/889113,
mnhuongsenbinhtan,Mầm non Hương Sen,mn,phuonganlac,stale,1,0,0,2026-08-03,https://mnhuongsenbinhtan.hcm.edu.vn/tin-tuc-su-kien/thuc-hien-chuyen-de-xay-dung-hinh-thuc-to-chuc-bua-an-cho-tre-thong-qua-moi-tru/ct/25476/882271,
thietmoclanbta,Mầm non Thiết Mộc Lan,mn,phuonganlac,stale,18,0,0,2026-03-30,https://thietmoclanbta.hcm.edu.vn/thang-04-26/thuc-don-tu-ngay-30032026-den-ngay-29042026/ct/109909/853128,
thanlac1,Tiểu Học An Lạc 1,th,phuonganlac,none,0,0,0,,,
thanlac2,Tiểu Học An Lạc 2,th,phuonganlac,none,0,0,0,,,
thanlac3,Tiểu Học An Lạc 3,th,phuonganlac,stale,15,0,0,2026-04-22,https://thanlac3.hcm.edu.vn/chuyen-de-dinh-duong/thuc-don-thang-5-2026/ct/136385/1384765,
thbinhtri2,Tiểu Học Bình Trị 2,th,phuonganlac,active,16,2,2,2026-09-10,https://thbinhtri2.hcm.edu.vn/thuc-don-ban-tru/cong-khai-nguon-goc-thuc-pham-nam-hoc-2026-2027/ct/129794/1409108,
thbuihuunghia,Tiểu học Bùi Hữu Nghĩa,th,phuonganlac,stale,3,0,0,2024-12-03,http://thbuihuunghia.hcm.edu.vn/ky-nang-song-suc-khoe/thuc-don-bua-an-hoc-sinh-thang-12/ct/129151/1259461,
thdinhcongtrangbt,Tiểu học Đinh Công Tráng,th,phuonganlac,none,0,0,0,,,
thlecongphep,Tiểu Học Lê Công Phép,th,phuonganlac,regular,7,7,2,2026-09-24,http://thlecongphep.hcm.edu.vn/thuc-don-ban-tru-nam-hoc-2026-2027/thuc-don-ngay-24092026/ct/148068/1412292,
thluongthevinhbt,Tiểu học Lương Thế Vinh,th,phuonganlac,stale,7,0,0,2025-11-17,https://thluongthevinhbt.hcm.edu.vn/thuc-don/thuc-don-tuan-112025/ct/132427/1339519,
thcsanlac,THCS An Lạc,thcs,phuonganlac,regular,36,2,2,2026-09-20,https://thcsanlac.hcm.edu.vn/nam-hoc-2026-2027/thuc-don-ban-tru-tuan-4-thang-9-nam-2026/ct/111291/760290,
thcsbinhtan,THCS Bình Tân,thcs,phuonganlac,regular,15,3,3,2026-09-23,http://thcsbinhtan.hcm.edu.vn/thuc-don-ban-tru/thuc-don-ban-tru-tuan-4-thang-92026/ct/99191/760828,
thcsbinhtridongbbt,THCS Bình Trị Đông B,thcs,phuonganlac,none,0,0,0,,,
thcsletanbe,THCS Lê Tấn Bê,thcs,phuonganlac,none,0,0,0,,,
hoatramy3q8,TRƯỜNG MẦM NON HOA TRÀ MY 3.,mn,phuongannhon,none,0,0,0,,,
mnannhon,Mầm non An Nhơn,mn,phuongannhon,stale,20,0,0,2026-04-20,https://mnannhon.hcm.edu.vn/thuc-don/thuc-don-tuan/ct/89652/859203,
mnbethongminhq8,Mầm non Bé Thông Minh,mn,phuongannhon,none,0,0,0,,,
mnbinhthuanq8,Mầm non Bình Thuận,mn,phuongannhon,none,0,0,0,,,
mnhoamigovap,Mầm non Họa Mi,mn,phuongannhon,regular,6,2,2,2026-09-18,https://mnhoamigovap.hcm.edu.vn/cham-soc-nuoi-duong/thuc-don-cua-be-tu-ngay-2192026-den-ngay-2592026/ct/79853/887939,
mnhoaphuongdogovap,Mầm non Hoa Phượng Đỏ,mn,phuongannhon,stale,24,0,0,2026-05-01,http://mnhoaphuongdogovap.hcm.edu.vn/thuc-don-thang/thuc-don-thang-5/ct/72141/882570,
thhoangvanthugovap,Tiểu học Hoàng Văn Thụ,th,phuongannhon,none,0,0,0,,,
thnguyenvietxuangovap,Tiểu Học Nguyễn Viết Xuân,th,phuongannhon,stale,15,0,0,2026-04-29,https://thnguyenvietxuangovap.hcm.edu.vn/thuc-don/thuc-don-thang-05-tuan-34-35-36-37-tu-04052026-den-28052026/ct/129149/1386238,
thcsannhon,THCS An Nhơn,thcs,phuongannhon,regular,7,7,2,2026-09-23,https://thcsannhon.hcm.edu.vn/y-te-hoc-duong/bua-an-thuc-te-ngay-23092026/ct/100355/760953,
thcsnguyenvannghi,THCS Nguyễn Văn Nghi,thcs,phuongannhon,regular,24,10,3,2026-09-24,http://thcsnguyenvannghi.hcm.edu.vn/hoat-dong/bua-an-thuc-te-ngay-24092026/ct/91304/760973,
thanphu2-anphu,Trường Tiểu học An Phú 2,th,phuonganphu,regular,15,15,3,2026-09-24,https://thanphu2-anphu.hcm.edu.vn/ban-tru/hinh-anh-bua-an-ban-tru-ngay-2492026/ct/142652/1412324,
thanphu3,Trường Tiểu học An Phú 3,th,phuonganphu,active,1,1,1,2026-09-24,http://thanphu3.hcm.edu.vn/ban-tru/thuc-don-ban-tru-ngay-2492026/ct/148119/1412373,
thlethitrung,Trường Tiểu học Lê Thị Trung,th,phuonganphu,none,0,0,0,,,
thtuyan-anphu,Trường Tiểu học Tuy An,th,phuonganphu,active,1,1,1,2026-09-15,https://thtuyan-anphu.hcm.edu.vn/tin-tuc-su-kien/bua-an-ban-tru-nha-truong-rang-ro-nu-cuoi-be-yeu/ct/142485/1409932,
tieuhocanphu,Trường Tiểu học An Phú,th,phuonganphu,none,0,0,0,,,
mgbongsen,Trường Mầm non Bông Sen,mn,phuonganphudong,regular,16,3,3,2026-09-21,https://mgbongsen.hcm.edu.vn/thuc-don-tuan/thuc-don-tuan-4-thang-9-tu-ngay-2192026-den-ngay-2592026/ct/76732/888573,
mn1thang4q12,Mầm non 1 tháng 4,mn,phuonganphudong,stale,15,0,0,2026-05-30,https://mn1thang4q12.hcm.edu.vn/suc-khoe-dinh-duong/thuc-don-tuan-4-thang-5-nam-2026/ct/92060/871991,
mnbonghongq12,Mầm non Bông Hồng,mn,phuonganphudong,stale,23,0,0,2026-05-25,https://mnbonghongq12.hcm.edu.vn/suc-khoe-dinh-duong/thuc-don-tuan-4-thang-52026/ct/29101/879115,
mnsonca8q12,Mầm non Sơn Ca 8,mn,phuonganphudong,stale,15,0,0,2026-04-25,https://mnsonca8q12.hcm.edu.vn/thuc-don-cua-be/thuc-don-trong-tuan-cua-be-tuan-5-thang-42026/ct/92135/863236,
thhahuygiap,Tiểu Học Hà Huy Giáp,th,phuonganphudong,none,0,0,0,,,
thphamvanchieu,Tiểu Học Phạm Văn Chiêu,th,phuonganphudong,regular,16,4,3,2026-09-21,https://thphamvanchieu.hcm.edu.vn/thuc-don-ban-tru/thuc-don-ban-tru-tuan-3-nam-hoc-2026-2027/ct/110267/1411074,
thvothithua,Tiểu học Võ Thị Thừa,th,phuonganphudong,none,0,0,0,,,
thcsanphudong,THCS An Phú Đông,thcs,phuonganphudong,active,1,1,1,2026-09-07,https://thcsanphudong.hcm.edu.vn/thuc-don-ban-tru/thuc-don-ban-tru-tuan-1-0792026-1192026/ct/111250/758845,
thcstranhungdao,THCS Trần Hưng Đạo,thcs,phuonganphudong,active,2,1,1,2026-08-26,https://thcstranhungdao.hcm.edu.vn/cong-khai/thong-bao-ve-viec-tra-tien-suat-an-trua-cho-hoc-sinh-nam-hoc-2025-2026/ct/74098/757962,
mn1q3,Mầm non 1,mn,phuongbanco,stale,16,0,0,2026-05-13,http://mn1q3.hcm.edu.vn/thuc-don/thuc-don-cho-tre-tu-ngay-1152026-den-ngay-1552026/ct/89012/866686,
mn2q3,Mầm non 2,mn,phuongbanco,stale,31,0,0,2025-10-07,https://mn2q3.hcm.edu.vn/mon-an-cua-be/thuc-don-ngay-07102025-cua-be/ct/62539/790614,
mn3q3,Mầm Non 3,mn,phuongbanco,stale,15,0,0,2026-05-19,https://mn3q3.hcm.edu.vn/thuc-don-tuan/thuc-don-tuan-tu-ngay-185-den-ngay-2252026/ct/45648/868827,
mn4q3,Mầm non 4,mn,phuongbanco,regular,30,16,3,2026-09-24,https://mn4q3.hcm.edu.vn/thuc-don-tuan/hinh-anh-thuc-don-ngay-2492026/ct/47612/889185,
mn5q3,Mầm non 5,mn,phuongbanco,stale,17,0,0,2026-05-25,http://mn5q3.hcm.edu.vn/thuc-don/thuc-don-tu-ngay-2552026-den-2952026/ct/45998/870915,
thluongdinhcua,Tiểu Học Lương Định Của,th,phuongbanco,regular,15,3,3,2026-09-20,https://thluongdinhcua.hcm.edu.vn/thuc-don/thuc-don-tuan-03-nam-hoc-2026-2027/ct/137662/1410890,
thnguyensonha,Tiểu Học Nguyễn Sơn Hà,th,phuongbanco,stale,16,0,0,2026-05-25,https://thnguyensonha.hcm.edu.vn/thuc-don-tuan/thuc-don-tuan-36-2552026-2652026/ct/84994/1392752,
thnguyenthienthuatq3,Tiểu Học Nguyễn Thiện Thuật,th,phuongbanco,stale,15,0,0,2025-10-21,https://thnguyenthienthuatq3.hcm.edu.vn/thuc-don-ban-tru/thuc-don-tu-ngay-2010-den-ngay-24102024/ct/79266/1330614,
thphanvanhan,Tiểu Học Phan Văn Hân,th,phuongbanco,none,0,0,0,,,
thspphandinhphung,Tiểu Học THSP Phan Đình Phùng,th,phuongbanco,regular,17,3,3,2026-09-21,https://thspphandinhphung.hcm.edu.vn/ban-tru/thuc-don-tuan-tu-2192026-den-2592026/ct/63469/1411128,
thcsbanco,THCS Bàn Cờ,thcs,phuongbanco,none,0,0,0,,,
thcskienthiet,THCS Kiến Thiết,thcs,phuongbanco,stale,15,0,0,2026-05-11,http://thcskienthiet.hcm.edu.vn/thuc-don-tuan-ban-tru/thuc-don-ban-tru-thang-5-nam-2026/ct/104754/751289,
thcsphansaonam,THCS Phan Sào Nam,thcs,phuongbanco,stale,1,0,0,2025-09-06,https://thcsphansaonam.hcm.edu.vn/cong-khai-tai-chinh/ket-qua-lua-chon-nha-thau-cung-cap-suat-an-ban-tru-va-cung-cap-dich-vu-lien-ket/ct/107378/717810,
thcsthanglong,THCS Thăng Long,thcs,phuongbanco,none,0,0,0,,,
mghuonghong,Mầm non Hương Hồng,mn,phuongbayhien,none,0,0,0,,,
mn10atanbinh,Mầm non 10A,mn,phuongbayhien,stale,1,0,0,2021-12-21,https://mn10atanbinh.hcm.edu.vn/dinh-duong/thuc-don-danh-cho-tre-mam-non/ct/71772/498959,
mn10tanbinh,Mầm non 10,mn,phuongbayhien,stale,15,0,0,2026-05-15,http://mn10tanbinh.hcm.edu.vn/thuc-don-cua-be/thuc-don-cua-be/ct/91227/868121,
mn11tanbinh,Mầm non 11,mn,phuongbayhien,regular,18,8,4,2026-09-22,https://mn11tanbinh.hcm.edu.vn/thuc-don-cua-be/thuc-don-cua-be-ngay-2292026/ct/92542/889187,
mn12tanbinh,Mầm non 12,mn,phuongbayhien,regular,13,3,2,2026-09-20,http://mn12tanbinh.hcm.edu.vn/cham-soc/thuc-don-tuan-3-thang-9/ct/81797/888320,
mnhoamitanbinh,Mầm non Họa Mi,mn,phuongbayhien,stale,19,0,0,2026-05-02,https://mnhoamitanbinh.hcm.edu.vn/thuc-don-dinh-duong/truong-mam-non-hoa-mi-to-chuc-chuyen-de-doi-moi-gio-an-cho-tre-khu-vuc-an-tap-t/ct/78218/862983,
mnphuhoa,Mầm non Phú Hòa,mn,phuongbayhien,regular,14,3,2,2026-09-20,https://mnphuhoa.hcm.edu.vn/cham-soc/thuc-don-tu-21926-den-25926/ct/64164/888370,
thcachmangthangtam,Tiểu Học Cách Mạng Tháng Tám,th,phuongbayhien,none,0,0,0,,,
thlaclongquantanbinh,Tiểu Học Lạc Long Quân,th,phuongbayhien,none,0,0,0,,,
thlethihonggamtanbinh,Tiểu Học Lê Thị Hồng Gấm,th,phuongbayhien,regular,18,3,3,2026-09-20,https://thlethihonggamtanbinh.hcm.edu.vn/ban-tru/thuc-don-ban-tru-tu-2109-den-2509/ct/23358/1411064,
thnguyenkhuyentanbinh,Tiểu Học Nguyễn Khuyến,th,phuongbayhien,stale,18,0,0,2026-05-07,https://thnguyenkhuyentanbinh.hcm.edu.vn/thuc-don/thuc-don-tuan-34-tu-ngay-11052026-15052026/ct/146907/1390699,
thnguyenvantroitanbinh,Tiểu Học Nguyễn Văn Trỗi,th,phuongbayhien,none,0,0,0,,,
thphuthohoa,Tiểu Học Phú Thọ Hoà,th,phuongbayhien,stale,18,0,0,2026-04-28,http://thphuthohoa.hcm.edu.vn/thong-bao/thuc-don-tuan-32-tu-274-den-0152026/ct/84973/1386228,
thtranquoctuan,Tiểu Học Trần Quốc Tuấn,th,phuongbayhien,none,0,0,0,,,
thcsngoquyentanbinh,THCS Ngô Quyền,thcs,phuongbayhien,active,12,1,1,2026-09-12,https://thcsngoquyentanbinh.hcm.edu.vn/thuc-don-ban-tru/thuc-don-ban-tru-tuan-02-hk1-nh-2026-2027/ct/109871/759359,
thcstranvanquang,THCS Trần Văn Quang,thcs,phuongbayhien,none,0,0,0,,,
thcstruongchinh,THCS Trường Chinh,thcs,phuongbayhien,regular,16,9,3,2026-09-23,https://thcstruongchinh.hcm.edu.vn/thuc-don/hinh-anh-khay-an-thuc-te-ngay-2392026/ct/107564/760893,
thcsvovantan,THCS Võ Văn Tần,thcs,phuongbayhien,none,0,0,0,,,
thcslaihungbc,Trường THCS Lai Hưng,thcs,phuongbencat,active,4,1,1,2026-09-18,https://thcslaihungbc.hcm.edu.vn/thuc-don/thuc-don-tuan-3/ct/110340/760196,
mnbenthanh,Mầm non Bến Thành,mn,phuongbenthanh,regular,7,3,3,2026-09-21,http://mnbenthanh.hcm.edu.vn/suc-khoe-dinh-duong/thuc-don-cua-be-tuan-3-thang-9/ct/15310/887963,
mnnguyenthaibinh,Mầm non Nguyễn Thái Bình,mn,phuongbenthanh,stale,14,0,0,2026-08-08,https://mnnguyenthaibinh.hcm.edu.vn/suc-khoe-dinh-duong/thuc-don-tuan-tu-ngay-10082026-den-ngay-14082026/ct/15268/883064,
mnphamngulao,Trường Mầm Non Phạm Ngũ Lão,mn,phuongbenthanh,stale,18,0,0,2026-08-20,https://mnphamngulao.hcm.edu.vn/thong-bao/thong-bao-ve-viec-hoan-tra-tien-suat-an-ban-tru-he-nam-hoc-2025-2026/ct/92654/884438,
mntuoihong-benthanh,Mầm non Tuổi Hồng,mn,phuongbenthanh,regular,15,3,3,2026-09-19,https://mntuoihong-benthanh.hcm.edu.vn/thuc-don-cua-be/thuc-don-trong-tuan-cua-tre-tuan-04-thang-092026/ct/87370/886589,
mntuoitho,Mầm non Tuổi Thơ,mn,phuongbenthanh,regular,14,4,3,2026-09-21,http://mntuoitho.hcm.edu.vn/thuc-don-cua-be/thuc-don-cua-be-tu-ngay-2192026-den-ngay-2592026/ct/111295/889085,
thketdoan,Tiểu Học Kết Đoàn,th,phuongbenthanh,stale,8,0,0,2024-10-27,https://thketdoan.hcm.edu.vn/thuc-don-ban-tru/thuc-don-ban-tru-tuan-8-tu-ngay-28102024-den-01112024/ct/105463/1247964,
thkhaiminh,Tiểu Học Khai Minh,th,phuongbenthanh,active,60,1,1,2026-09-05,http://thkhaiminh.hcm.edu.vn/nam-hoc-2026-2027/thuc-don-thang-9/ct/147815/1408093,
thlengochan,Tiểu Học Lê Ngọc Hân,th,phuongbenthanh,regular,18,3,3,2026-09-21,https://thlengochan.hcm.edu.vn/thuc-don/thuc-don-tuan-03-nam-hoc-2026-2027/ct/138222/1410989,
thnguyenhueq1,Tiểu Học Nguyễn Huệ,th,phuongbenthanh,regular,15,3,3,2026-09-20,http://thnguyenhueq1.hcm.edu.vn/thuc-don-ban-tru/thuc-don-ban-tru-nam-hoc-2026-2027-tuan-3/ct/31378/1410347,
thnguyenthaibinhq1,Tiểu Học Nguyễn Thái Bình,th,phuongbenthanh,stale,2,0,0,2025-03-24,http://thnguyenthaibinhq1.hcm.edu.vn/tieng-anh/thuc-don-tuan-28/ct/92433/1288463,
thnguyenthaihoc,Tiểu Học Nguyễn Thái Học,th,phuongbenthanh,regular,16,4,4,2026-09-21,http://thnguyenthaihoc.hcm.edu.vn/thuc-don-ban-tru/thuc-don-ban-tru-tuan-3-tu-ngay-219-2592026/ct/84481/1411290,
thcsdongkhoi-benthanh,THCS Đồng Khởi,thcs,phuongbenthanh,active,9,1,1,2026-09-11,https://thcsdongkhoi-benthanh.hcm.edu.vn/thuc-don-ban-tru/thuc-don-thang-092026/ct/99814/759310,
thcsnguyenduq1,THCS Nguyễn Du Q.1,thcs,phuongbenthanh,none,0,0,0,,,
mamnonbinhco,Mầm non Bình Cơ,mn,phuongbinhco,regular,3,3,2,2026-09-18,https://mamnonbinhco.hcm.edu.vn/thuc-don-hang-tuan-cua-tre/thuc-don-tuan-219-den-ngay-2592026/ct/110835/888124,
tieuhocbinhmy,Trường Tiểu học Bình Mỹ,th,phuongbinhco,active,2,2,1,2026-09-23,https://tieuhocbinhmy.hcm.edu.vn/thuc-don/thuc-don-tuan-2-den-tuan-4/ct/148072/1412144,
thcshoinghia,Trường THCS Hội Nghĩa,thcs,phuongbinhco,none,0,0,0,,,
lopmamnon-binhdong,Lớp Mầm non Phường Bình Đông,mn,phuongbinhdong,none,0,0,0,,,
mn19thang5q8,Mầm non 19-5,mn,phuongbinhdong,stale,18,0,0,2026-07-18,https://mn19thang5q8.hcm.edu.vn/cong-khai/tick-xanh-trach-nhiem-truy-xuat-nguon-goc-thuc-pham-trong-moi-bua-an-hang-ngay/ct/94284/880093,
mnsaomaiq8,Mầm non Sao Mai,mn,phuongbinhdong,none,0,0,0,,,
mnthongocq8,Mầm non Thỏ Ngọc,mn,phuongbinhdong,regular,32,15,3,2026-09-24,https://mnthongocq8.hcm.edu.vn/tick-xanh-trach-nhiem/truong-mam-non-tho-ngoc-gioi-thieu-suat-an-tick-xanh-trach-nhiem-ngay-2492026/ct/110776/889231,
mntuoingocq8,Mầm non Tuổi Ngọc,mn,phuongbinhdong,stale,16,0,0,2026-05-15,https://mntuoingocq8.hcm.edu.vn/nam-hoc-2025-2026/thuc-don-tuan-tu-1852026-den-2252026/ct/107771/868394,
mntuoithoq8,Mầm non Tuổi Thơ,mn,phuongbinhdong,active,3,1,1,2026-09-18,https://mntuoithoq8.hcm.edu.vn/tick-xanh-trach-nhiem/thuc-don-tuan-tu-ngay-21-9-2026-den-25-9-2026/ct/110692/887950,
thanphong,Tiểu Học An Phong,th,phuongbinhdong,active,6,2,1,2026-09-19,http://thanphong.hcm.edu.vn/ban-tru/thuc-don-ban-tru-tuan-3/ct/138172/1411285,
thbongsao,Tiểu Học Bông Sao,th,phuongbinhdong,stale,11,0,0,2023-05-29,https://thbongsao.hcm.edu.vn/thuc-don/thuc-don-thang-5-nam-2023/ct/131000/1134439,
thbuiminhtruc,Tiểu Học Bùi Minh Trực,th,phuongbinhdong,none,0,0,0,,,
thhoangminhdao,Tiểu Học Hoàng Minh Đạo,th,phuongbinhdong,regular,4,3,2,2026-09-21,https://thhoangminhdao.hcm.edu.vn/ban-tru-nam-hoc-2026-2027/hinh-anh-thuc-don-tuan-2-tu-2192026-den-2592026/ct/147961/1411019,
thnguyentrungngan,Tiểu Học Nguyễn Trung Ngạn,th,phuongbinhdong,regular,23,11,2,2026-09-24,https://thnguyentrungngan.hcm.edu.vn/cong-khai-thuc-don-ban-tru-cua-hoc-sinh/tick-xanh-trach-nhiem-thuc-don-ban-tru-ngay-2492026-cua-hoc-sinh-ban-tru/ct/142189/1412346,
thphandangluu,Tiểu Học Phan Đăng Lưu,th,phuongbinhdong,stale,15,0,0,2026-05-15,https://thphandangluu.hcm.edu.vn/thuc-don/thuc-don-ban-tru-tuan-thi-18052026-22052026-nam-hoc-2025-2026/ct/142747/1390574,
thcsbinhanq8,THCS Bình An,thcs,phuongbinhdong,active,1,1,1,2026-09-15,http://thcsbinhanq8.hcm.edu.vn/tin-tuc/suat-an-minh-bach-tick-xanh-trach-nhiem/ct/30892/759756,
thcsphandangluu,THCS Phan Đăng Lưu,thcs,phuongbinhdong,stale,4,0,0,2026-04-29,http://thcsphandangluu.hcm.edu.vn/thong-tin-nha-truong/danh-sach-thuc-don-tu-ngay-04052026-den-ngay-08-052026/ct/12306/749064,
thcsphuloi,THCS Phú Lợi,thcs,phuongbinhdong,stale,30,0,0,2026-05-25,https://thcsphuloi.hcm.edu.vn/thuc-don-ban-tru/kinh-gui-quy-thay-co-quy-phu-huynh-va-hoc-sinh-thuc-don-ban-tru-tuan-37/ct/109450/751460,
thcssuongnguyetanhq8,THCS Sương Nguyệt Anh,thcs,phuongbinhdong,stale,1,0,0,2018-04-02,https://thcssuongnguyetanhq8.hcm.edu.vn/toan-hoc/don-thuc-dong-dang/ct/74506/279786,
thcsphuchanh,Trường THCS Phú Chánh,thcs,phuongbinhduong,none,0,0,0,,,
thbinhhoa2-binhhoa,TH Bình Hòa 2,th,phuongbinhhoa,active,5,1,1,2026-09-04,https://thbinhhoa2-binhhoa.hcm.edu.vn/bua-an-hoc-duong/truong-tieu-hoc-binh-hoa-2-cong-khai-danh-muc-cac-cong-ty-cung-cap-thuc-pham-ba/ct/146291/1408470,
mnanhmai,Mầm non Ánh Mai,mn,phuongbinhhunghoa,stale,3,0,0,2026-05-22,https://mnanhmai.hcm.edu.vn/giao-duc-nuoi-duong/thuc-don-tuan-4-thang-5-tu-ngay-2552026-den-ngay-2852026/ct/20735/870093,
mndoquyen,MN Đỗ Quyên,mn,phuongbinhhunghoa,stale,16,0,0,2026-03-27,https://mndoquyen.hcm.edu.vn/cai-cach-hanh-chinh/thuc-don-tuan-tu-ngay-30032026-den-03042026/ct/90956/850889,
mnhoaphuongvy,MN Hoa Phượng Vỹ,mn,phuongbinhhunghoa,regular,5,5,4,2026-09-18,https://mnhoaphuongvy.hcm.edu.vn/thuc-don-trong-tuan/thuc-don-tu-ngay-2192026-den-2792026/ct/111141/887921,
mnnguyetque,Mầm non Nguyệt Quế,mn,phuongbinhhunghoa,stale,9,0,0,2025-11-07,https://mnnguyetque.hcm.edu.vn/cong-khai/thuc-don-tu-ngay-10-den-ngay-14-thang-11-nam-2025/ct/97652/805540,
trucdaobta,Mầm non Trúc Đào,mn,phuongbinhhunghoa,stale,21,0,0,2026-04-10,https://trucdaobta.hcm.edu.vn/thuc-don-cua-tre/thuc-don-tuan-3-thang-4/ct/100930/856798,
tuoihoabta,Mầm non Tuổi Hoa,mn,phuongbinhhunghoa,none,0,0,0,,,
thbinhhunghoa,Tiểu Học Bình Hưng Hòa,th,phuongbinhhunghoa,stale,1,0,0,2025-09-01,https://thbinhhunghoa.hcm.edu.vn/thong-bao/thuc-don-ban-tru-thang-92025/ct/131160/1320612,
thbinhlong,Tiểu Học Bình Long,th,phuongbinhhunghoa,none,0,0,0,,,
thbinhthuan,Tiểu học Bình Thuận,th,phuongbinhhunghoa,none,0,0,0,,,
thhuynhthuckhangbt,Tiểu học Huỳnh Thúc Kháng,th,phuongbinhhunghoa,stale,2,0,0,2026-07-03,https://thhuynhthuckhangbt.hcm.edu.vn/cong-khai/thong-bao-ve-cong-khai-dau-thau-cung-cap-suat-an-trua-va-an-xe-cho-hoc-sinh-ban/ct/143173/1399417,
thlachong,Tiểu học Lạc Hồng,th,phuongbinhhunghoa,active,15,1,1,2026-09-22,https://thlachong.hcm.edu.vn/nam-hoc-2026-2027/thuc-don-ban-tru-tu-ngay-14092026-den-ngay-18092026-tu-ngay-21092026-den-ngay-2/ct/148077/1411742,
thlehuutrac,Trường Tiểu học Lê Hữu Trác,th,phuongbinhhunghoa,none,0,0,0,,,
thletrongtan,Tiểu Học Lê Trọng Tấn,th,phuongbinhhunghoa,stale,15,0,0,2025-03-24,http://thletrongtan.hcm.edu.vn/thuc-don-hang-tuan/thuc-don-tu-ngay-31032025-04042025/ct/139685/1286668,
thphudongbinhtan,Tiểu Học Phù Đổng,th,phuongbinhhunghoa,none,0,0,0,,,
thtrandainghia,Tiểu học Trần Đại Nghĩa,th,phuongbinhhunghoa,none,0,0,0,,,
thtrieuquangphuc,Tiểu học Triệu Quang Phục,th,phuongbinhhunghoa,stale,13,0,0,2026-05-18,http://thtrieuquangphuc.hcm.edu.vn/thuc-don-ban-tru/thuc-don-tuan-35-18052026-22052026-truong-tieu-hoc-trieu-quang-phuc/ct/146689/1387300,
thcslaclongquan,THCS Lạc Long Quân,thcs,phuongbinhhunghoa,active,16,1,1,2026-09-20,https://thcslaclongquan.hcm.edu.vn/thuc-don-ban-tru/thuc-don-tuan-3-nam-hoc-2026-2027/ct/109567/758616,
thcsnguyentraibinhtan,THCS Nguyễn Trãi,thcs,phuongbinhhunghoa,active,16,1,1,2026-09-05,https://thcsnguyentraibinhtan.hcm.edu.vn/thuc-don-ban-tru/thuc-don-ban-tru-thang-9-nam-2026/ct/108260/760651,
thcstranquoctoanbinhtan,THCS Trần Quốc Toản,thcs,phuongbinhhunghoa,none,0,0,0,,,
mgbonghongbinhthanh,Mẫu Giáo Bông Hồng,mn,phuongbinhloitrung,stale,3,0,0,2026-05-12,https://mgbonghongbinhthanh.hcm.edu.vn/thuc-don/thuc-don-tuan-2-thang-5-nam-2026/ct/110186/866239,
mghoaanhdao,Mẫu Giáo Hoa Anh Đào,mn,phuongbinhloitrung,none,0,0,0,,,
mgthienthan,Mẫu giáo Thiên Thần,mn,phuongbinhloitrung,stale,4,0,0,2025-04-18,https://mgthienthan.hcm.edu.vn/suc-khoe-dinh-duong/thuc-don/ct/93402/748624,
mn11abinhthanh,Mầm non 11A,mn,phuongbinhloitrung,stale,19,0,0,2026-05-08,https://mn11abinhthanh.hcm.edu.vn/thuc-don/thuc-don-tuan-tu-11052026-den-15052026/ct/101471/864845,
mn11bbinhthanh,Mầm non 11B,mn,phuongbinhloitrung,regular,31,13,4,2026-09-24,http://mn11bbinhthanh.hcm.edu.vn/nam-hoc-2026-2027/thuc-don-cua-tre-ngay-2492026/ct/111160/889289,
mn13binhthanh,Mầm non 13,mn,phuongbinhloitrung,active,25,1,1,2026-09-17,https://mn13binhthanh.hcm.edu.vn/nam-hoc-2026-2027/thuc-don-tuan-2-thang-9-nam-2026-tu-ngay-14-den-ngay-1892026/ct/111287/887776,
mn5binhthanh,Mầm non 5,mn,phuongbinhloitrung,stale,17,0,0,2026-06-14,https://mn5binhthanh.hcm.edu.vn/thuc-don-tuan/thuc-don-tu-ngay-15-6-2026-den-ngay-19-6-2026/ct/90349/874886,
mn6binhthanh,Mầm non 6,mn,phuongbinhloitrung,stale,20,0,0,2026-07-20,https://mn6binhthanh.hcm.edu.vn/thuc-don-tuan/thuc-don-tuan-tu-ngay-207-den-ngay-2472026/ct/88043/880182,
mnmailinh,Mầm non tư thục Mai Linh,mn,phuongbinhloitrung,stale,9,0,0,2025-03-03,https://mnmailinh.hcm.edu.vn/bai-giang-giao-an/thuc-don-tuan-1-thang-4-nam-2025/ct/29625/733314,
mnngoilangvuive,Trường Mầm non Ngôi Làng Vui Vẻ,mn,phuongbinhloitrung,none,0,0,0,,,
thbinhloitrung,Tiểu học Bình Lợi Trung,th,phuongbinhloitrung,active,17,2,1,2026-09-11,https://thbinhloitrung.hcm.edu.vn/thuc-don-nam-hoc-2026-2027/thuc-don-tuan-02/ct/147892/1409324,
thnguyenbangocbinhthanh,Tiểu Học Nguyễn Bá Ngọc,th,phuongbinhloitrung,none,0,0,0,,,
thphanvantribinhthanh,Tiểu Học Phan Văn Trị,th,phuongbinhloitrung,regular,11,9,3,2026-09-24,https://thphanvantribinhthanh.hcm.edu.vn/y-te/hinh-anh-suat-an-ban-tru-ngay-2492026/ct/34007/1412261,
thyenthebinhthanh,Tiểu Học Yên Thế,th,phuongbinhloitrung,stale,17,0,0,2026-05-19,http://thyenthebinhthanh.hcm.edu.vn/thuc-don/thuc-don-tu-ngay-1852026-den-ngay-2252026/ct/106103/1391629,
thcsbcyenthe,THCS Yên Thế,thcs,phuongbinhloitrung,stale,2,0,0,2024-10-03,http://thcsbcyenthe.hcm.edu.vn/cong-khai-tt09/hop-dong-cung-cap-suat-an-cong-nghiep/ct/77623/672720,
thcsbinhloitrung,THCS Bình Lợi Trung,thcs,phuongbinhloitrung,stale,5,0,0,2025-04-04,https://thcsbinhloitrung.hcm.edu.vn/tb-nha-truong/thuc-don-thang-04-2025/ct/78710/698459,
thcsnguyenvanbe,THCS Nguyễn Văn Bé,thcs,phuongbinhloitrung,stale,1,0,0,2025-01-03,https://thcsnguyenvanbe.hcm.edu.vn/3-cong-khai-giao-duc/thuc-don-ban-tru-t12025/ct/79145/687399,
mncobonlaq6,Mầm non Cỏ Bốn Lá – Quận 6,mn,phuongbinhphu,none,0,0,0,,,
mnmycat,Mầm non Mỹ Cát,mn,phuongbinhphu,regular,100,4,4,2026-09-18,http://mnmycat.hcm.edu.vn/thuc-don-thang-09/thuc-don-tuan-tu-21092026-26092026/ct/110868/880973,
mnrangdong10,Mầm non Rạng Đông 10,mn,phuongbinhphu,regular,19,7,4,2026-09-24,https://mnrangdong10.hcm.edu.vn/suc-khoe-dinh-duong/cong-khai-bua-an-va-bang-ke-thuc-pham-hang-ngay-o-truong-ngay-24092026/ct/16210/889285,
mnrangdong11,Mầm non Rạng Đông 11,mn,phuongbinhphu,regular,24,2,2,2026-09-11,https://mnrangdong11.hcm.edu.vn/thuc-don/thuc-don-cua-tre-tuan-02-thang-9-nam-2026/ct/99153/886617,
mnrangdong11a,Mầm non Rạng Đông 11A,mn,phuongbinhphu,regular,17,3,3,2026-09-18,https://mnrangdong11a.hcm.edu.vn/suc-khoe-dinh-duong/thuc-don-tre-tuan-3-thang-9-tu-ngay-2192026-den-ngay-2592026/ct/16336/888216,
mnrangdongq6,Trường Mầm non Rạng Đông Quận,mn,phuongbinhphu,regular,7,3,3,2026-09-19,http://mnrangdongq6.hcm.edu.vn/suc-khoe-dinh-duong/thuc-don-tuan-03-thang-92026-tu-219-den-2592026-cua-cac-be-truong-mam-non-rang/ct/30007/888240,
thnguyenvanluong,Tiểu Học Nguyễn Văn Luông,th,phuongbinhphu,regular,18,3,3,2026-09-21,http://thnguyenvanluong.hcm.edu.vn/thuc-don/thuc-don-ban-tru-tuan-3-tu-ngay-2192026-den-ngay-2592026/ct/131374/1411068,
thphudinh,Tiểu Học Phú Định,th,phuongbinhphu,regular,15,11,4,2026-09-24,https://thphudinh.hcm.edu.vn/thuc-don-ban-tru/bua-an-ban-tru-thu-nam-ngay-2492026/ct/137274/1412283,
thphudongq6,Tiểu Học Phù Đổng,th,phuongbinhphu,regular,17,3,3,2026-09-21,http://thphudongq6.hcm.edu.vn/ban-tru/thuc-don-ban-tru-tuan-3-nam-hoc-2026-2027/ct/143691/1411076,
thcslamsonq6,THCS Lam Sơn,thcs,phuongbinhphu,regular,21,6,2,2026-09-24,https://thcslamsonq6.hcm.edu.vn/thong-tin-bua-an-hang-ngay/thong-tin-nguyen-lieu-nhap-bua-an-ngay-2492026/ct/103584/762363,
thcsnguyenthaibinhq6,THCS Nguyễn Thái Bình,thcs,phuongbinhphu,regular,9,9,2,2026-09-24,http://thcsnguyenthaibinhq6.hcm.edu.vn/suat-an-ban-tru/suat-an-ngay-24092026/ct/111295/761026,
thcsnguyenvanluong,THCS Nguyễn Văn Luông,thcs,phuongbinhphu,regular,15,14,4,2026-09-24,http://thcsnguyenvanluong.hcm.edu.vn/ban-tru/khau-phan-an-ban-tru-ngay-24092026/ct/79171/762340,
thcsphudinh,THCS Phú Định,thcs,phuongbinhphu,regular,16,16,4,2026-09-24,http://thcsphudinh.hcm.edu.vn/ban-tru/khau-phan-an-hoc-sinh-ban-tru-ngay-2492026/ct/100123/761018,
hoatramy4q8,Mầm non Hoa Trà My 4,mn,phuongbinhquoi,none,0,0,0,,,
mn27binhthanh,Mầm non 27,mn,phuongbinhquoi,none,0,0,0,,,
mn28binhthanh,Mầm non 28,mn,phuongbinhquoi,stale,15,0,0,2026-08-06,https://mn28binhthanh.hcm.edu.vn/thuc-don/thuc-don-he-tu-1082026-den-1482026/ct/94876/882697,
mnhoaanhdao,Mầm non Hoa Anh Đào,mn,phuongbinhquoi,none,0,0,0,,,
mnhoangmai1,Trường Mầm Non Hoàng Mai I,mn,phuongbinhquoi,stale,5,0,0,2021-01-25,https://mnhoangmai1.hcm.edu.vn/thuc-don-cho-be/thuc-don-tuan-tu-ngay-2501-28012021/ct/74642/459230,
mnmaithon,Mầm non tư thục Mai Thôn,mn,phuongbinhquoi,active,15,2,2,2026-09-07,https://mnmaithon.hcm.edu.vn/suc-khoe-dinh-duong/thuc-don-tuan-tu-ngay-07092026-den-11092026/ct/42750/886433,
mnngayvui,Trường Mầm non Ngày Vui - Happy Day Kindergarten,mn,phuongbinhquoi,none,0,0,0,,,
thbinhquoitay1,Tiểu Học Bình Quới Tây,th,phuongbinhquoi,stale,31,0,0,2026-04-24,https://thbinhquoitay1.hcm.edu.vn/thuc-don-ban-tru/thuc-don-ban-tru-tuan-32-tu-ngay-27042026-den-ngay-01052026/ct/83088/1385588,
ththanhda,Tiểu Học Thanh Đa,th,phuongbinhquoi,stale,4,0,0,2026-08-17,https://ththanhda.hcm.edu.vn/cong-khai/truong-tieu-hoc-thanh-da-kinh-gui-chi-dinh-thau-goi-thau-cung-cap-suat-an-ban-t/ct/77765/1405467,
thcsbccuchinhlan,THCS Cù Chính Lan,thcs,phuongbinhquoi,stale,1,0,0,2026-04-01,https://thcsbccuchinhlan.hcm.edu.vn/tin-tuc-su-kien/thuc-don-ban-tru-thang-42026/ct/12818/745730,
thcsbinhquoitay,THCS Bình Quới Tây,thcs,phuongbinhquoi,stale,15,0,0,2026-05-10,https://thcsbinhquoitay.hcm.edu.vn/hoat-dong-ban-tru/bang-thuc-don-tuan-tu-ngay-1105-15052025/ct/108497/749930,
thcsthanhda,THCS Thanh Đa,thcs,phuongbinhquoi,active,16,1,1,2026-09-09,https://thcsthanhda.hcm.edu.vn/3-cong-khai/ho-so-phap-ly-suat-an-ban-tru/ct/76755/759097,
1thang6bta,Mầm non 1 Tháng 6,mn,phuongbinhtan,none,0,0,0,,,
mn30thang4-bt,Mầm Non 30 - 4,mn,phuongbinhtan,none,0,0,0,,,
mnhoaphuongbinhtan,Mầm non Hoa Phượng,mn,phuongbinhtan,stale,15,0,0,2026-01-02,https://mnhoaphuongbinhtan.hcm.edu.vn/bai-giang-giao-an/thuc-don-cho-be-tuan-1-thang-1-nam-2026/ct/29415/826938,
mnsenhongbinhtan,Mầm non Sen Hồng,mn,phuongbinhtan,none,0,0,0,,,
thhoangvanthubt,Tiểu học Hoàng Văn Thụ,th,phuongbinhtan,none,0,0,0,,,
thkimdongbinhtan,Tiểu Học Kim Đồng,th,phuongbinhtan,regular,33,29,3,2026-09-24,https://thkimdongbinhtan.hcm.edu.vn/hinh-anh-bua-an-ban-tru/hinh-anh-bua-an-ban-tru-ngay-2492026/ct/147874/1412201,
thngoquyen,Tiểu Học Ngô Quyền,th,phuongbinhtan,regular,12,4,3,2026-09-18,https://thngoquyen.hcm.edu.vn/tin-tuc-su-kien/thuc-don-ban-tru-tuan-04-thang-92026/ct/24417/1410740,
thtrancaovanbinhtan,Trường Tiểu học Trần Cao Vân,th,phuongbinhtan,stale,14,0,0,2026-05-14,https://thtrancaovanbinhtan.hcm.edu.vn/thuc-don-ban-tru/thuc-don-tuan-2-thang-5/ct/142577/1390315,
thtrancaovanbt,Tiểu học Trần Cao Vân,th,phuongbinhtan,stale,1,0,0,2026-02-02,https://thtrancaovanbt.hcm.edu.vn/thong-bao/thong-bao-ve-viec-ky-ket-hop-dong-cung-cap-suat-an-ban-tru-cho-hoc-sinh-truong/ct/136796/1365144,
thtranvanonbinhtan,Tiểu Học Trần Văn Ơn,th,phuongbinhtan,active,15,1,1,2026-09-18,https://thtranvanonbinhtan.hcm.edu.vn/ban-tru-y-te/thuc-don-ban-tru-thang-92026/ct/105816/1411015,
thcsbinhhunghoa,THCS Bình Hưng Hòa,thcs,phuongbinhtan,stale,15,0,0,2026-05-04,https://thcsbinhhunghoa.hcm.edu.vn/thuc-don-ban-tru/thuc-don-ban-tru/ct/111029/749277,
thcshovanlong,THCS Hồ Văn Long,thcs,phuongbinhtan,stale,16,0,0,2026-05-11,https://thcshovanlong.hcm.edu.vn/thuc-don-ban-tru/thuc-don-ban-tru-tu-ngay-11052026-den-ngay-15052026/ct/79957/749950,
thcshuynhvannghebinhtan,THCS Huỳnh Văn Nghệ,thcs,phuongbinhtan,regular,13,13,3,2026-09-24,http://thcshuynhvannghebinhtan.hcm.edu.vn/cong-khai/thuc-don-ban-tru-ngay-249/ct/94240/761011,
thcslengochan,THCS Lê Ngọc Hân,thcs,phuongbinhtan,none,0,0,0,,,
thcstantao,THCS Tân Tạo,thcs,phuongbinhtan,stale,15,0,0,2026-05-06,http://thcstantao.hcm.edu.vn/ban-tru/thuc-don-ban-tru-thang-052026/ct/104187/749556,
mnrangdong2,Mầm non Rạng Đông 2,mn,phuongbinhtay,regular,15,3,3,2026-09-18,https://mnrangdong2.hcm.edu.vn/suc-khoe-dinh-duong/thuc-don-tuan-cua-tre-tu-ngay-2192026-den-ngay-2592026/ct/16162/887996,
mnrangdong5,Mầm non Rạng Đông 5,mn,phuongbinhtay,regular,10,7,2,2026-09-24,https://mnrangdong5.hcm.edu.vn/cong-khai/thuc-don-ngay-thu-nam-2492026/ct/101794/889217,
mnrangdong5a,Mầm non Rạng Đông 5A,mn,phuongbinhtay,stale,7,0,0,2026-08-05,https://mnrangdong5a.hcm.edu.vn/suc-khoe-dinh-duong/thuc-don-tuan-tu-ngay-108-den-ngay-1482026/ct/16186/882531,
mnrangdong6,Mầm non Rạng Đông 6,mn,phuongbinhtay,regular,14,3,3,2026-09-21,https://mnrangdong6.hcm.edu.vn/suc-khoe-dinh-duong/thuc-don-tuan-39/ct/16192/888454,
mnrangdong9,Mầm non Rạng Đông 9,mn,phuongbinhtay,regular,31,2,2,2026-09-11,https://mnrangdong9.hcm.edu.vn/thuc-don-cac-mon-an-ngon/thucdon-tuan-tu-1409-den-ngay-18092026/ct/97740/888009,
thbinhtien,Tiểu Học Bình Tiên,th,phuongbinhtay,stale,1,0,0,2026-04-17,http://thbinhtien.hcm.edu.vn/tin-tuc-su-kien/bua-an-dinh-duong-hoc-duong-dam-bao-ve-sinh-an-toan-thuc-pham/ct/21911/1384434,
thchauvanliem,Tiểu Học Châu Văn Liêm,th,phuongbinhtay,none,0,0,0,,,
thchilangphuongbinhtay,Trường Tiểu học Chi Lăng,th,phuongbinhtay,regular,5,5,2,2026-09-24,http://thchilangphuongbinhtay.hcm.edu.vn/bua-an-ban-tru/hinh-anh-bua-an-ban-tru-th-chi-lang-ngay-2492026/ct/148078/1412255,
thchilangq6,Tiểu Học Chi Lăng,th,phuongbinhtay,active,15,1,1,2026-09-14,https://thchilangq6.hcm.edu.vn/thuc-don-ban-tru/thuc-don-bep-an-ban-tru-tuan-2-1492026-1892026-nam-hoc-2026-2027/ct/139984/1409546,
thlevantamq6,Tiểu Học Lê Văn Tám,th,phuongbinhtay,stale,17,0,0,2026-05-08,http://thlevantamq6.hcm.edu.vn/thuc-don-ban-tru/thuc-don-tuan-34-nam-hoc-2025-2026/ct/136446/1388826,
thnguyenthienthuatq6,Tiểu Học Nguyễn Thiện Thuật,th,phuongbinhtay,stale,14,0,0,2026-05-15,https://thnguyenthienthuatq6.hcm.edu.vn/ban-tru/thuc-don-ban-tru-tuan-35-tu-ngay-1852026-den-ngay-2552026/ct/143425/1391630,
thvovantanq6,Tiểu Học Võ Văn Tần,th,phuongbinhtay,regular,15,15,3,2026-09-24,https://thvovantanq6.hcm.edu.vn/thuc-don-ban-tru/khau-phan-an-ban-tru-ngay-24092026/ct/139438/1412282,
thcshaugiang,THCS Hậu Giang,thcs,phuongbinhtay,regular,16,3,3,2026-09-21,https://thcshaugiang.hcm.edu.vn/ban-tru/thuc-don-ban-tru-tuan-3-tu-ngay-21092026-den-25092026/ct/84592/760547,
thcshoanglekha,THCS Hoàng Lê Kha,thcs,phuongbinhtay,regular,16,4,3,2026-09-23,http://thcshoanglekha.hcm.edu.vn/ban-tru/dai-dien-cmhs-den-giam-sat-co-so-vat-chat-bua-an-ban-tru-nha-truong/ct/75920/760871,
thcsnguyenduccanh,THCS Nguyễn Đức Cảnh,thcs,phuongbinhtay,stale,2,0,0,2026-02-25,https://thcsnguyenduccanh.hcm.edu.vn/truyen-thong-y-te/ke-hoach-kiem-tra-ve-sinh-an-toan-thuc-pham-tai-co-so-che-bien-suat-an-cong-ngh/ct/101511/740934,
mgvietanh,Mẫu Giáo Việt Anh,mn,phuongbinhthanh,stale,4,0,0,2026-01-05,https://mgvietanh.hcm.edu.vn/thuc-don/thuc-don-tuan-i-thang-01-nam-2026/ct/103148/824869,
mn12binhthanh,Mầm non 12,mn,phuongbinhthanh,stale,1,0,0,2018-11-13,https://mn12binhthanh.hcm.edu.vn/suc-khoe-dinh-duong/chuyen-de-to-chuc-bua-an-cho-tre/ct/28183/338354,
mn14binhthanh,Mầm non 14,mn,phuongbinhthanh,none,0,0,0,,,
mn24abinhthanh,Mầm non 24A,mn,phuongbinhthanh,regular,14,2,2,2026-09-24,https://mn24abinhthanh.hcm.edu.vn/3-cong-khai/thuc-don/ct/77781/889222,
mn24bbinhthanh,Mầm non 24B,mn,phuongbinhthanh,stale,16,0,0,2026-03-08,https://mn24bbinhthanh.hcm.edu.vn/thuc-don-cua-be/gioi-thieu-thuc-don-moi-thit-kho-nam-dui-ga-phu-trung-ga-canh-cai-ngong-nau-tom/ct/77445/843641,
mn26binhthanh,Mầm non 26,mn,phuongbinhthanh,regular,15,3,3,2026-09-21,https://mn26binhthanh.hcm.edu.vn/thuc-don-tuan-cua-tre/thuc-don-tuan-21092026-den-25092026/ct/108164/888418,
thbachdangbinhthanh,Tiểu Học Bạch Đằng,th,phuongbinhthanh,active,2,1,1,2026-09-16,http://thbachdangbinhthanh.hcm.edu.vn/hoat-dong-ban-tru/bua-an-ban-tru-moi-ngay-tai-truong-cua-hoc-sinh-cac-khoi-lop/ct/77534/1410222,
thbinhhoa,Tiểu Học Bình Hoà,th,phuongbinhthanh,regular,26,11,4,2026-09-23,https://thbinhhoa.hcm.edu.vn/ban-tru/bua-an-ban-tru-ngay-24092026-cua-truong-tieu-hoc-binh-hoa/ct/105440/1412218,
thchuvanan,Tiểu Học Chu Văn An,th,phuongbinhthanh,regular,12,3,3,2026-09-21,https://thchuvanan.hcm.edu.vn/ban-tru/thuc-don-tuan-3/ct/132863/1411464,
thnguyendinhchieu,Tiểu Học Nguyễn Đình Chiểu,th,phuongbinhthanh,regular,15,3,3,2026-09-23,https://thnguyendinhchieu.hcm.edu.vn/thuc-don-ban-tru/thuc-don-ban-tru-tu-21092026-den-25092026/ct/64141/1411986,
thtamvu,Tiểu Học Tầm Vu,th,phuongbinhthanh,stale,14,0,0,2024-11-22,http://thtamvu.hcm.edu.vn/ban-tru/tieu-hoc-tam-vu-kinh-gui-thuc-don-tuan-12-nh-2024-2025/ct/105360/1256441,
thtranquangvinh,Tiểu Học Trần Quang Vinh,th,phuongbinhthanh,stale,2,0,0,2026-01-16,https://thtranquangvinh.hcm.edu.vn/thuc-don/thuc-don-tuan-19-tu-ngay-19012026-den-23012026/ct/142300/1355449,
thcslevantam,THCS Lê Văn Tám,thcs,phuongbinhthanh,regular,18,3,3,2026-09-21,http://thcslevantam.hcm.edu.vn/cai-cach-hanh-chinh/thuc-don-tuan-tu-2192026-den-2592026/ct/107776/760355,
thcsrangdong,THCS Rạng Đông,thcs,phuongbinhthanh,active,5,1,1,2026-09-08,https://thcsrangdong.hcm.edu.vn/y-te/thuc-don-ban-tru-thang-92026/ct/107244/758860,
mnbengoan-binhthoi,Mầm non Bé Ngoan,mn,phuongbinhthoi,none,0,0,0,,,
mnhoamai-binhthoi,Trường Mầm non Hoa Mai,mn,phuongbinhthoi,regular,15,3,3,2026-09-22,http://mnhoamai-binhthoi.hcm.edu.vn/thuc-don-tuan-cho-be/thuc-don-tuan-3/ct/97349/888816,
mnhoasen-binhthoi,Mầm non Phường 3,mn,phuongbinhthoi,stale,16,0,0,2026-08-07,https://mnhoasen-binhthoi.hcm.edu.vn/thuc-don/thuc-don-tuan-2-thang-82026/ct/104068/883033,
mntuoihong-binhthoi,Mầm non Quận 11,mn,phuongbinhthoi,regular,3,3,3,2026-09-21,http://mntuoihong-binhthoi.hcm.edu.vn/thuc-don/thuc-don-tuan-4-thang-9/ct/111282/889235,
mntuoingoc-binhthoi,Mầm non 9,mn,phuongbinhthoi,regular,3,2,2,2026-09-21,https://mntuoingoc-binhthoi.hcm.edu.vn/suc-khoe-dinh-duong/nha-truong-gui-den-quy-phu-huynh-thuc-don-cho-tre-tuan-39-tu-ngay-2192026-den-n/ct/28759/888438,
thhanhainguyen,Tiểu Học Hàn Hải Nguyên,th,phuongbinhthoi,stale,15,0,0,2026-05-15,https://thhanhainguyen.hcm.edu.vn/thuc-don-ban-tru/thuc-don-ban-tru-tuan-35-nam-hoc-2025-2026/ct/141023/1391453,
thlaclongqq11,Tiểu Học Lạc Long Quân,th,phuongbinhthoi,regular,21,3,3,2026-09-21,http://thlaclongqq11.hcm.edu.vn/nam-hoc-2026-2027/thuc-don-ban-tru-tuan-3-tu-ngay-21092026-den-ngay-25092026/ct/147882/1411014,
thnguyenbangocq11,Tiểu Học Nguyễn Bá Ngọc,th,phuongbinhthoi,stale,12,0,0,2025-10-20,http://thnguyenbangocq11.hcm.edu.vn/an-toan-thuc-pham/thuc-don-tuan-7/ct/105280/1330202,
thphunghung,Tiểu Học Phùng Hưng,th,phuongbinhthoi,regular,23,3,2,2026-09-19,http://thphunghung.hcm.edu.vn/thuc-don-hang-tuan/thuc-don-ban-tru-tuan-3-tu-ngay-219-den-ngay-2592026/ct/105301/1410823,
thvietmyq11,Tiểu Học Việt Mỹ,th,phuongbinhthoi,none,0,0,0,,,
thcschuvananq11,THCS Chu Văn An,thcs,phuongbinhthoi,stale,1,0,0,2026-01-30,https://thcschuvananq11.hcm.edu.vn/thong-bao/thong-tin-ve-don-vi-cung-cap-suat-an-ban-tru-cho-truong-thcs-chu-van-an-phuong/ct/65101/737589,
thcsnguyenvanphu,THCS Nguyễn Văn Phú,thcs,phuongbinhthoi,active,15,1,1,2026-09-07,https://thcsnguyenvanphu.hcm.edu.vn/thuc-don-ban-tru/thuc-don-ban-tru-tu-ngay-07-thang-9-den-02-thang-10-nam-2026/ct/104011/758684,
thcsvietmy,Trường Trung học Cơ sở Việt Mỹ,thcs,phuongbinhthoi,stale,1,0,0,2026-02-06,https://thcsvietmy.hcm.edu.vn/sgk-va-danh-muc-xuat-ban-pham-tham-khao/thuc-don-thang-022026/ct/110305/739811,
mnngoisao-binhtien,Mầm non Ngôi Sao,mn,phuongbinhtien,stale,15,0,0,2025-10-27,https://mnngoisao-binhtien.hcm.edu.vn/thuc-don-cua-be/thuc-don-cho-be-tu-2710-den-3110/ct/101766/808914,
mnrangdong1,Mầm non Rạng Đông 1,mn,phuongbinhtien,regular,18,3,3,2026-09-21,https://mnrangdong1.hcm.edu.vn/cham-soc-giao-duc/thuc-don-tuan-3-tu-ngay-219-den-ngay-2592026/ct/16157/888996,
mnrangdong3,Mầm non Rạng Đông 3,mn,phuongbinhtien,regular,19,2,2,2026-09-14,https://mnrangdong3.hcm.edu.vn/thuc-don-hang-tuan/thuc-don-tuan-02-tu-ngay-1409-den-ngay-18092026/ct/101182/887005,
mnrangdong4,Mầm non Rạng Đông 4,mn,phuongbinhtien,regular,17,2,2,2026-09-14,https://mnrangdong4.hcm.edu.vn/thuc-don/thuc-don-tuan-3-thang-92026/ct/100734/887010,
mnrangdong7,Mầm non Rạng Đông 7,mn,phuongbinhtien,active,16,1,1,2026-09-18,https://mnrangdong7.hcm.edu.vn/thuc-don-cua-be/thuc-don-cua-be-thang-92026-tu-ngay-0792026-den-ngay-1192026-1492026-den-ngay-1/ct/101230/887966,
thhungvuongq6,Tiểu Học Hùng Vương,th,phuongbinhtien,stale,6,0,0,2026-05-04,https://thhungvuongq6.hcm.edu.vn/lich-an-ban-tru/thuc-don-ban-tru-thang-52026/ct/143352/1386917,
thkimdongq6,Tiểu Học Kim Đồng,th,phuongbinhtien,stale,10,0,0,2025-10-13,https://thkimdongq6.hcm.edu.vn/ban-tru/thuc-don/ct/139769/1331530,
thnguyenhueq6,Tiểu Học Nguyễn Huệ,th,phuongbinhtien,regular,15,4,4,2026-09-18,https://thnguyenhueq6.hcm.edu.vn/thuc-don-ban-tru/thuc-don-ban-tru-tu-ngay-2192026-den-2592026/ct/106170/1410712,
thnhattaoq6,Tiểu Học Nhật Tảo,th,phuongbinhtien,stale,19,0,0,2026-05-04,https://thnhattaoq6.hcm.edu.vn/thuc-don-ban-tru/thuc-don-ban-tru-tuan-33-tu-05052026-den-08052026/ct/140013/1383951,
thphamvanchi,Tiểu Học Phạm Văn Chí,th,phuongbinhtien,active,16,1,1,2026-09-07,https://thphamvanchi.hcm.edu.vn/thuc-don-ban-tru/thuc-don-ban-tru-thang-9-2026/ct/134429/1408865,
thvinhxuyen,Tiểu Học Vĩnh Xuyên,th,phuongbinhtien,stale,15,0,0,2026-03-21,https://thvinhxuyen.hcm.edu.vn/thuc-don/thuc-don-tuan-27-23032026-27032026/ct/139925/1375337,
thcsbinhtay,THCS Bình Tây,thcs,phuongbinhtien,regular,19,4,3,2026-09-23,https://thcsbinhtay.hcm.edu.vn/thong-bao/thong-bao-cua-truong-thcs-binh-tay-ve-viec-thay-doi-thuc-don-ban-tru-ngay-23092/ct/12146/760825,
thcsphamdinhho,THCS Phạm Đình Hổ,thcs,phuongbinhtien,active,15,1,1,2026-09-07,http://thcsphamdinhho.hcm.edu.vn/thuc-don-ban-tru/thuc-don-ban-tru-thang-9-nam-hoc-2026-2027/ct/106839/758789,
thcsvanthan,THCS Văn Thân,thcs,phuongbinhtien,regular,16,8,3,2026-09-24,https://thcsvanthan.hcm.edu.vn/ban-tru/khau-phan-an-cua-hoc-sinh-ban-tru-ngay-24092026/ct/103766/761022,
lopmamnon-binhphu,Lớp Mầm non Phường Bình Phú,mn,phuongbinhtridong,none,0,0,0,,,
mnbinhtridong,Mầm Non Bình Trị Đông,mn,phuongbinhtridong,regular,19,2,2,2026-09-11,https://mnbinhtridong.hcm.edu.vn/thuc-don/thuc-don-tuan-2-thang-9/ct/99326/887569,
mncamtu,Mầm non Cẩm Tú,mn,phuongbinhtridong,regular,16,2,2,2026-09-21,https://mncamtu.hcm.edu.vn/thuc-don/thuc-don-tuan-tu-ngay-2192026-2592026/ct/101033/888469,
mnkhuvuontritue,Trường Mầm non Khu Vườn Trí Tuệ,mn,phuongbinhtridong,stale,4,0,0,2024-09-24,https://mnkhuvuontritue.hcm.edu.vn/thuc-don/thuc-don-tuan-04092024/ct/99851/683767,
thbinhtri1,Tiểu Học Bình Trị 1,th,phuongbinhtridong,regular,53,13,3,2026-09-24,https://thbinhtri1.hcm.edu.vn/hinh-anh-thuc-don-ban-tru-nam-hoc-2026-2027/hinh-anh-thuc-don-ban-tru-ngay-2492026/ct/147855/1412197,
thbinhtridong,Tiểu Học Bình Trị Đông,th,phuongbinhtridong,stale,15,0,0,2026-06-03,http://thbinhtridong.hcm.edu.vn/thuc-don-ban-tru/thuc-don-ban-tru-thang-052026-nam-hoc-2025-2026/ct/59718/1394672,
thbinhtridonga,Tiểu Học Bình Trị Đông A,th,phuongbinhtridong,none,0,0,0,,,
thnguyencongtrubt,Tiểu học Nguyễn Công Trứ,th,phuongbinhtridong,regular,15,3,3,2026-09-21,http://thnguyencongtrubt.hcm.edu.vn/thuc-don/thuc-don-tu-ngay-2192026-den-ngay-2592026/ct/142517/1411017,
ththoaingochau,Tiểu học Thoại Ngọc Hầu,th,phuongbinhtridong,stale,7,0,0,2026-04-06,https://ththoaingochau.hcm.edu.vn/hoat-dong-chuyen-mon/thuc-don-thang-42026/ct/141174/1379214,
thtrannhantong,Tiểu học Trần Nhân Tông,th,phuongbinhtridong,stale,1,0,0,2026-04-29,https://thtrannhantong.hcm.edu.vn/tin-tuc-su-kien/thuc-don-thang-052026/ct/141188/1389465,
thcsbinhtridong,THCS Bình Trị Đông,thcs,phuongbinhtridong,active,1,1,1,2026-09-20,https://thcsbinhtridong.hcm.edu.vn/tin-tuc-su-kien/thuc-don-ban-tru-tuan-3-truong-thcs-binh-tri-dong/ct/104916/760357,
thcsbinhtridonga,THCS Bình Trị Đông A,thcs,phuongbinhtridong,none,0,0,0,,,
thcslythuongkietbinhtan,THCS Lý Thường Kiệt,thcs,phuongbinhtridong,stale,11,0,0,2025-02-05,https://thcslythuongkietbinhtan.hcm.edu.vn/ban-tru/thuc-don-ban-tru-thang-22025/ct/103842/692616,
mncatlai,Mầm non Cát Lái,mn,phuongcatlai,stale,9,0,0,2026-05-25,http://mncatlai.hcm.edu.vn/suc-khoe-dinh-duong/truong-mam-non-cat-lai-xin-gui-den-quy-phu-huynh-thuc-don-tuan-iv-thang-5-2026/ct/15436/870761,
mnhoahongq2,Mầm non Hoa Hồng 1,mn,phuongcatlai,stale,12,0,0,2026-05-13,https://mnhoahongq2.hcm.edu.vn/suc-khoe-dinh-duong/thuc-don-cho-be-tu-ngay-0452026-2852026/ct/29251/866693,
mnhoasenq2,Mầm non Hoa Sen 1,mn,phuongcatlai,stale,37,0,0,2025-11-21,https://mnhoasenq2.hcm.edu.vn/dinh-duong-cho-be/thuc-don-tuan-4-11tu-ngay-2411-den-ngay-28112025/ct/85183/812861,
mnsonca-catlai,Mầm non Sơn Ca 1,mn,phuongcatlai,active,4,1,1,2026-09-17,https://mnsonca-catlai.hcm.edu.vn/suc-khoe-dinh-duong/thuc-don-hoc-sinh-thang-9/ct/30145/887818,
mnthanhmyloi,Mầm non Thạnh Mỹ Lợi,mn,phuongcatlai,none,0,0,0,,,
theschooltml,TH E-School-Thạnh Mỹ Lợi,th,phuongcatlai,stale,1,0,0,2024-09-06,https://theschooltml.hcm.edu.vn/cong-khai/thuc-don-2024-2025/ct/137374/1229908,
thluongthevinhq2,Tiểu Học Lương Thế Vinh,th,phuongcatlai,none,0,0,0,,,
thmythuy,Tiểu Học Mỹ Thủy,th,phuongcatlai,stale,1,0,0,2023-11-07,https://thmythuy.hcm.edu.vn/thong-bao/thuc-don-ban-tru-tuan-10-tu-0611-den-1011/ct/113112/1166700,
ththanhmyloi,Tiểu Học Thạnh Mỹ Lợi,th,phuongcatlai,none,0,0,0,,,
th-thcscatlai,TH-THCS Cát Lái,thcs,phuongcatlai,regular,15,2,2,2026-09-24,https://th-thcscatlai.hcm.edu.vn/thuc-don-ban-tru/suat-an-ngay-24092026/ct/89853/762348,
th-thcsthanhmyloi,Trường TH-THCS Thạnh Mỹ Lợi,thcs,phuongcatlai,stale,1,0,0,2021-02-21,https://th-thcsthanhmyloi.hcm.edu.vn/lop-7/toan-lop-71-don-thuc-dong-dang/ct/93357/496236,
thcsluongdinhcua,THCS Lương Định Của,thcs,phuongcatlai,stale,9,0,0,2026-04-02,https://thcsluongdinhcua.hcm.edu.vn/thong-bao/thuc-don-ban-tru-thang-042026/ct/72507/746190,
thcsngoitruongemthanhmyloi,THCS Ngôi Trường Em Thạnh Mỹ Lợi,thcs,phuongcatlai,none,0,0,0,,,
thcsnguyenthidinh,THCS Nguyễn Thị Định,thcs,phuongcatlai,none,0,0,0,,,
mncaukieu,Trường Mầm non Cầu Kiệu,mn,phuongcaukieu,active,49,3,2,2026-09-09,https://mncaukieu.hcm.edu.vn/thuc-don/thuc-don-tuan-1-79-119/ct/46005/886247,
mnsonca7phunhuan,Mầm non Sơn Ca 7,mn,phuongcaukieu,regular,15,2,2,2026-09-14,https://mnsonca7phunhuan.hcm.edu.vn/thuc-don/thuc-don-tuan-tu-ngay-149-den-ngay-1892026/ct/99305/887169,
thtrungnhat,Trường Tiểu học Trung Nhất,th,phuongcaukieu,none,0,0,0,,,
thcsbcchauvanliem,THCS Châu Văn Liêm,thcs,phuongcaukieu,none,0,0,0,,,
thcscaukieu,THCS Cầu Kiệu,thcs,phuongcaukieu,active,19,1,1,2026-09-09,https://thcscaukieu.hcm.edu.vn/ban-tru/thuc-don-thang-92026/ct/99320/759023,
mn20thang10,Trường Mầm non 20/10,mn,phuongcauonglanh,regular,18,5,4,2026-09-23,https://mn20thang10.hcm.edu.vn/tin-tuc-su-kien/an-toan-tu-bep-gui-yeu-thuong-trong-tung-bua-an/ct/28416/889017,
mncogiang,Mầm non Cô Giang,mn,phuongcauonglanh,regular,7,7,2,2026-09-23,http://mncogiang.hcm.edu.vn/thuc-don-cua-be/thuc-don-ngay-2292026/ct/111268/889066,
mnhoalanq1,Mầm non Hoa Lan,mn,phuongcauonglanh,none,0,0,0,,,
mnnguyencutrinh,Mầm non Nguyễn Cư Trinh,mn,phuongcauonglanh,stale,15,0,0,2026-08-08,https://mnnguyencutrinh.hcm.edu.vn/thuc-don-tuan/thuc-don-tuan-tu-ngay-1082026-den-ngay-1482026/ct/103881/882884,
thchuongduongq1,Trường Tiểu học Chương Dương,th,phuongcauonglanh,none,0,0,0,,,
thluongthevinhq1,Tiểu Học Lương Thế Vinh,th,phuongcauonglanh,regular,24,3,3,2026-09-18,https://thluongthevinhq1.hcm.edu.vn/nam-hoc-2026-2027/thuc-don-ban-tru-tuan-03-2109-25092026/ct/147707/1410756,
thphanvantriq1,Tiểu Học Phan Văn Trị Quận 1,th,phuongcauonglanh,regular,31,2,2,2026-09-18,https://thphanvantriq1.hcm.edu.vn/thuc-don-ban-tru/thuc-don-ban-tru-thang-92026/ct/31531/1410999,
thtranhungdao,Tiểu Học Trần Hưng Đạo,th,phuongcauonglanh,regular,15,3,2,2026-09-20,https://thtranhungdao.hcm.edu.vn/thuc-don/thuc-don-tuan-03-tu-2192026-den-2592026/ct/112420/1410985,
thcschuvananq1,THCS Chu Văn An,thcs,phuongcauonglanh,regular,4,3,3,2026-09-20,http://thcschuvananq1.hcm.edu.vn/ve-thuc-don/thuc-don-tuan-3-tu-21092026-den-25092026/ct/111321/760343,
thcsductriq1,THCS Đức Trí,thcs,phuongcauonglanh,none,0,0,0,,,
thcsminhduc,THCS Minh Đức,thcs,phuongcauonglanh,regular,16,3,3,2026-09-21,https://thcsminhduc.hcm.edu.vn/thuc-don-tuan/thuc-don-ban-tru-tuan-3-nam-hoc-2026-2027-tu-ngay-2192026-den-ngay-2592026/ct/103142/760365,
lopmamnon-chanhhung,Lớp Mầm non Phường Chánh Hưng,mn,phuongchanhhung,none,0,0,0,,,
mnbinhminhq8,MẦM NON BÌNH MINH,mn,phuongchanhhung,stale,17,0,0,2026-05-07,https://mnbinhminhq8.hcm.edu.vn/thuc-don/truong-mam-non-binh-minh-thuc-don-thang-5-nam-2026/ct/85310/864507,
mnhoamai-chanhhung,Trường Mầm non Hoa Mai,mn,phuongchanhhung,none,0,0,0,,,
mnnangmai,Mầm non Nắng Mai,mn,phuongchanhhung,stale,14,0,0,2026-05-23,https://mnnangmai.hcm.edu.vn/suc-khoe-dinh-duong/thuc-don-tuan-4-thang-52026/ct/16792/874293,
mntuoihoaq8,Mầm non Tuổi Hoa,mn,phuongchanhhung,stale,16,0,0,2024-12-13,https://mntuoihoaq8.hcm.edu.vn/thuc-don/thuc-don-tuan-15-tu-ngay-16122024-den-20122024/ct/88448/714249,
mnvanganhq8,Mầm non Vàng Anh,mn,phuongchanhhung,regular,28,15,4,2026-09-25,https://mnvanganhq8.hcm.edu.vn/hinh-anh-bua-an/hinh-anh-bua-an-sang-ngay-25092026/ct/111314/889328,
mnvanhkhuyenq8,Mầm non Vành Khuyên,mn,phuongchanhhung,active,7,1,1,2026-09-18,https://mnvanhkhuyenq8.hcm.edu.vn/tin-tuc-su-kien/truong-mam-non-vanh-khuyen-cong-khai-thuc-don-tuan-3-thang-9/ct/30660/887992,
mnvietnhi,Mầm non Việt Nhi,mn,phuongchanhhung,regular,16,4,4,2026-09-25,https://mnvietnhi.hcm.edu.vn/thuc-don-tuan/thuc-don-tuan-4-thang-092026-tu-ngay-2892026-02102026/ct/84865/887827,
mnvuonhongq8,_____Trường Mầm non Vườn Hồng_____ Phường Chánh Hưng,mn,phuongchanhhung,regular,41,10,4,2026-09-24,https://mnvuonhongq8.hcm.edu.vn/hinh-anh-bua-an/thuc-don-cua-tre-thu-nam-ngay-2492026/ct/111400/889234,
thauduonglan,Tiểu Học Âu Dương Lân,th,phuongchanhhung,regular,3,3,3,2026-09-18,http://thauduonglan.hcm.edu.vn/cong-khai/thuc-don-tuan-3-tu-ngay-21-thang-9-nam-2026-den-ngay-25-thang-9-nam-2026/ct/48129/1410969,
thhungphu,Tiểu Học Hưng Phú,th,phuongchanhhung,regular,9,3,2,2026-09-24,http://thhungphu.hcm.edu.vn/y-te/thuc-don-ban-tru-tuan-4/ct/75871/1412303,
thkhainguyenq8,TH Khai Nguyên,th,phuongchanhhung,none,0,0,0,,,
thlynhantong,Tiểu Học Lý Nhân Tông,th,phuongchanhhung,stale,10,0,0,2026-04-29,https://thlynhantong.hcm.edu.vn/y-te-ban-tru/thuc-don-thang-052026/ct/22204/1386418,
thnguyentrucq8,Tiểu Học Nguyễn Trực,th,phuongchanhhung,none,0,0,0,,,
thrachong,Tiểu Học Rạch Ông,th,phuongchanhhung,none,0,0,0,,,
ththaihung,Tiểu Học Thái Hưng,th,phuongchanhhung,none,0,0,0,,,
thtrandanhlam,Tiểu Học Trần Danh Lâm,th,phuongchanhhung,none,0,0,0,,,
thvamcodong,Tiểu Học Vàm Cỏ Đông,th,phuongchanhhung,regular,3,3,3,2026-09-20,https://thvamcodong.hcm.edu.vn/nam-hoc-2026-2027/thuc-don-tuan-3-tu-ngay-2192026-den-2592026/ct/147822/1410952,
thcschanhhung,THCS Chánh Hưng,thcs,phuongchanhhung,stale,1,0,0,2020-04-16,https://thcschanhhung.hcm.edu.vn/mon-cong-nghe/cong-nghe-6-to-chuc-bua-an-trong-gia-dinh/ct/83769/450088,
thcsduongbatrac,THCS Dương Bá Trạc,thcs,phuongchanhhung,active,15,3,2,2026-09-07,https://thcsduongbatrac.hcm.edu.vn/thuc-don-ban-tru/suat-an-ban-tru-hang-ngay-cua-hoc-sinh/ct/108013/758727,
thcskhainguyen,THCS Khai Nguyên,thcs,phuongchanhhung,none,0,0,0,,,
thcskhanhbinh,THCS Khánh Bình,thcs,phuongchanhhung,active,1,1,1,2026-09-07,https://thcskhanhbinh.hcm.edu.vn/thuc-don-ban-tru/thuc-don-ban-tru-ngay-0792026/ct/111242/758706,
thcslythanhtong,THCS Lý Thánh Tông,thcs,phuongchanhhung,regular,15,3,3,2026-09-14,https://thcslythanhtong.hcm.edu.vn/thuc-don-ban-tru/thuc-don-ban-tru-thang-9/ct/103091/759558,
thcstrandanhninh,THCS Trần Danh Ninh,thcs,phuongchanhhung,stale,1,0,0,2025-07-24,https://thcstrandanhninh.hcm.edu.vn/tin-tuc-su-kien/thong-bao-ve-viec-nhu-cau-mua-sam-dich-vu-cung-cap-suat-an-ban-tru-cho-hoc-sinh/ct/12314/713497,
mghoami2q5,Mầm non Họa Mi 2,mn,phuongcholon,regular,58,3,3,2026-09-21,https://mghoami2q5.hcm.edu.vn/thang-9/thuc-don-tuan-3-thang-9-tu-ngay-219-den-2592026/ct/110651/888495,
mgvanlang,Mẫu giáo Văn Lang,mn,phuongcholon,none,0,0,0,,,
mn10q5,Mầm non 10,mn,phuongcholon,stale,1,0,0,2025-09-11,https://mn10q5.hcm.edu.vn/thuc-don-cua-be/thuc-don-tuan-01-thang-9/ct/104380/780033,
mn11q5,Mầm non 11,mn,phuongcholon,stale,16,0,0,2026-08-07,https://mn11q5.hcm.edu.vn/thuc-don-cua-be/thuc-don-he-tuan-2-thang-8-1008-den-1408/ct/104084/882860,
mn12q5,Mầm non 12,mn,phuongcholon,stale,37,0,0,2026-06-26,https://mn12q5.hcm.edu.vn/nam-hoc-2025-2026/thuc-don-tuan-1-thang-7-tu-2962026-den-ngay-372026/ct/107021/876195,
mn13q5,Mầm non 13,mn,phuongcholon,stale,31,0,0,2026-08-11,https://mn13q5.hcm.edu.vn/thuc-don/thuc-don-cua-be-tu-ngay-1082026-den-ngay-1482026/ct/96945/883041,
mn14bq5,Mầm non 14B,mn,phuongcholon,none,0,0,0,,,
mnandiem,Mầm non An Điềm,mn,phuongcholon,none,0,0,0,,,
mnhoami1q5,Mầm non Họa Mi 1,mn,phuongcholon,none,0,0,0,,,
thchinhnghia,Tiểu Học Chính Nghĩa,th,phuongcholon,none,0,0,0,,,
thhungvuongq5,Tiểu học Hùng Vương,th,phuongcholon,regular,16,13,4,2026-09-25,http://thhungvuongq5.hcm.edu.vn/thuc-don-ban-tru/video-bua-an-ban-tru-dinh-duong-thu-nam-ngay-24092026/ct/141623/1412462,
thledinhchinhq5,Tiểu Học Lê Đình Chinh,th,phuongcholon,regular,18,4,3,2026-09-19,http://thledinhchinhq5.hcm.edu.vn/thuc-don-ban-tru/thuc-don-ban-tru-tuan-2-tu-2192026-den-2592026/ct/133223/1410872,
thlycanhhon,Tiểu Học Lý Cảnh Hớn,th,phuongcholon,active,17,1,1,2026-09-06,https://thlycanhhon.hcm.edu.vn/suat-an-ban-tru/thuc-don-ban-tru-thang-09-2026/ct/73050/1408307,
thminhdao,Tiểu Học Minh Đạo,th,phuongcholon,active,1,1,1,2026-09-04,https://thminhdao.hcm.edu.vn/tin-tuc-su-kien/bua-an-ban-tru-ngay-0492026-cua-cac-em-hoc-sinh/ct/21750/1407885,
thnguyenduccanh,Tiểu Học Nguyễn Đức Cảnh,th,phuongcholon,active,1,1,1,2026-09-22,https://thnguyenduccanh.hcm.edu.vn/cong-tac-ban-tru/bua-an-du-chat-vung-buoc-tuong-lai/ct/147910/1411723,
thnguyenvietxuanq5,Tiểu Học Nguyễn Viết Xuân,th,phuongcholon,none,0,0,0,,,
thcshongbang,THCS Hồng Bàng,thcs,phuongcholon,stale,4,0,0,2024-08-28,https://thcshongbang.hcm.edu.vn/nam-hoc-2024-2025/cong-khai-lua-chon-don-vi-cung-cap-suat-an-trua-ban-tru-nam-2024-2025/ct/106874/665240,
thcsmachkiemhung,THCS Mạch Kiếm Hùng,thcs,phuongcholon,regular,15,13,3,2026-09-24,https://thcsmachkiemhung.hcm.edu.vn/ban-tru/bua-an-ban-tru-ngay-2492026/ct/111245/762342,
thcstranboico,THCS Trần Bội Cơ,thcs,phuongcholon,active,8,4,1,2026-09-23,https://thcstranboico.hcm.edu.vn/thong-bao-cong-khai/suat-an-ban-tru-ngay-23-thang-9-nam-2026/ct/78796/760824,
mghoami3,Mầm non Họa Mi 3,mn,phuongchoquan,stale,5,0,0,2024-03-14,https://mghoami3.hcm.edu.vn/thuc-don-hang-tuan/thuc-don-cho-be-tuan-hoc-27/ct/95374/637718,
mn1-choquan,Mầm non 1,mn,phuongchoquan,stale,15,0,0,2025-12-19,https://mn1-choquan.hcm.edu.vn/thuc-don-cua-be/thuc-don-cua-tre-tu-22122025-den-26122025/ct/95383/820498,
mn3q5,Mầm non 3,mn,phuongchoquan,stale,15,0,0,2026-03-30,https://mn3q5.hcm.edu.vn/thuc-don-cua-be/thuc-don-cua-be-thang-4-nam-2026/ct/99039/854919,
mnvanganh-choquan,Mầm non Vàng Anh,mn,phuongchoquan,regular,18,4,2,2026-09-18,https://mnvanganh-choquan.hcm.edu.vn/thuc-don-cho-tre/thuc-don-tu-ngay-2192026-den-ngay-2592026/ct/37895/888959,
mnvanhkhuyen,Mầm non Vành Khuyên,mn,phuongchoquan,regular,40,6,4,2026-09-23,https://mnvanhkhuyen.hcm.edu.vn/nam-hoc-2026-2027/bua-an-cua-tre-ngay-2392026/ct/111288/889000,
thbausen,Tiểu Học Bàu Sen,th,phuongchoquan,regular,15,5,3,2026-09-20,https://thbausen.hcm.edu.vn/thuc-don-bua-an/bua-an-hoc-duong-thuc-don-tuan-03-tu-ngay-2192026-den-ngay-2592026/ct/78362/1410920,
thhamtu,Tiểu Học Hàm Tử,th,phuongchoquan,regular,9,6,3,2026-09-22,https://thhamtu.hcm.edu.vn/cong-khai/bua-an-cua-hoc-sinh-ban-tru-21092026/ct/139679/1411583,
thlevantamq5,Tiểu Học Lê Văn Tám,th,phuongchoquan,stale,2,0,0,2025-11-03,https://thlevantamq5.hcm.edu.vn/nam-hoc-2025-2026/thuc-don-tuan-9/ct/142022/1335468,
thtranbinhtrong,Tiểu Học Trần Bình Trọng,th,phuongchoquan,regular,21,5,3,2026-09-18,https://thtranbinhtrong.hcm.edu.vn/dinh-duong-hoc-duong/thuc-don-tuan-3/ct/104160/1410796,
thcsbadinh,THCS Ba Đình,thcs,phuongchoquan,none,0,0,0,,,
mnhoahong6,Trường Mầm non Hoa Hồng 6,mn,phuongdian,none,0,0,0,,,
thanbinhb,Trường Tiểu học An Bình B,th,phuongdian,none,0,0,0,,,
thdian,Trường Tiểu học Dĩ An,th,phuongdian,none,0,0,0,,,
thdianb,Trường Tiểu học Dĩ An B,th,phuongdian,none,0,0,0,,,
thdianc,Tiểu học Dĩ An C,th,phuongdian,none,0,0,0,,,
thlythuongkiet-dian,Trường Tiểu học Lý Thường Kiệt,th,phuongdian,none,0,0,0,,,
thnhidong,Trường Tiểu học Nhị Đồng,th,phuongdian,none,0,0,0,,,
thtandonghiepb,Trường Tiểu học Tân Đông Hiệp B,th,phuongdian,none,0,0,0,,,
thcsanbinh-dian,Trường THCS An Bình,thcs,phuongdian,none,0,0,0,,,
thcsdian,Trường THCS Dĩ An,thcs,phuongdian,none,0,0,0,,,
thcstandonghiep,Trường THCS Tân Đông Hiệp,thcs,phuongdian,active,2,1,1,2026-09-21,https://thcstandonghiep.hcm.edu.vn/ban-tru/thuc-don-tuan-3-21092026-25092026/ct/111324/760538,
thcsvotruongtoan-dian,Trường THCS Võ Trường Toản,thcs,phuongdian,none,0,0,0,,,
mn2thang9q10,Mầm non 2-9,mn,phuongdienhong,regular,15,3,2,2026-09-20,http://mn2thang9q10.hcm.edu.vn/thuc-don/thuc-don-tuan-tu-ngay-21092026-den-25092026/ct/40440/888284,
mnanhduong-dienhong,Mầm non Phường 6,mn,phuongdienhong,stale,16,0,0,2026-05-22,https://mnanhduong-dienhong.hcm.edu.vn/thuc-don-theo-tuan-thang/thuc-don-ngay-255-va-2652026/ct/99660/872971,
mnhaiau-dienhong,Mầm non Phường 8,mn,phuongdienhong,stale,16,0,0,2026-03-20,https://mnhaiau-dienhong.hcm.edu.vn/thuc-don-cua-be/thuc-don-tu-tuan-1-den-tuan-3-thang-3-nam-2026/ct/37716/848094,
mnhoaanhdao-dienhong,Mầm non Hoa Anh Đào,mn,phuongdienhong,regular,17,3,3,2026-09-21,https://mnhoaanhdao-dienhong.hcm.edu.vn/suc-khoe-dinh-duong/thuc-don-tuan-cua-be-tu-ngay-219-den-259/ct/29947/888465,
mnhoahuongduong-dienhong,Mầm non Phường 14,mn,phuongdienhong,stale,26,0,0,2026-07-21,https://mnhoahuongduong-dienhong.hcm.edu.vn/thuc-don-tuan/thuc-don-cho-be-tu-ngay-207-den-2472026/ct/60516/880549,
mnmangnon2,Mầm non Măng Non II,mn,phuongdienhong,regular,20,5,3,2026-09-24,https://mnmangnon2.hcm.edu.vn/cac-khoi-lop/thuc-don-cua-be-tu-ngay-2892026-den-ngay-02102026/ct/87912/889280,
mnphuong5q10,Mầm non Phường 5,mn,phuongdienhong,stale,24,0,0,2026-05-15,https://mnphuong5q10.hcm.edu.vn/thuc-don-tuan/thuc-don-tuan-tu-ngay-18-5-2026-den-ngay-22-5-2026/ct/40878/867605,
thduongminhchauq10,Tiểu Học Dương Minh Châu,th,phuongdienhong,regular,19,4,3,2026-09-20,http://thduongminhchauq10.hcm.edu.vn/tin-tuc-su-kien/thuc-don-ban-tru-tu-ngay-21092026-den-ngay-25092026/ct/22401/1410939,
thledinhchinhq10,Tiểu học Lê Đình Chinh,th,phuongdienhong,none,0,0,0,,,
thnguyenchithanh,Tiểu Học Nguyễn Chí Thanh,th,phuongdienhong,none,0,0,0,,,
thtranvankieu,Tiểu Học Trần Văn Kiểu,th,phuongdienhong,stale,2,0,0,2025-08-21,https://thtranvankieu.hcm.edu.vn/cong-khai/thong-tin-moi-tham-gia-goi-thau-cung-cap-suat-an-cong-nghie/ct/112450/1313262,
thvotruongtoan,Tiểu Học Võ Trường Toản,th,phuongdienhong,regular,15,3,3,2026-09-20,https://thvotruongtoan.hcm.edu.vn/ban-tru/thuc-don-ban-tru-tuan-tu-219-2592026/ct/95001/1410930,
thcsnguyentriphuongq10,THCS Nguyễn Tri Phương,thcs,phuongdienhong,regular,15,15,3,2026-09-24,https://thcsnguyentriphuongq10.hcm.edu.vn/thuc-don-ban-tru/suat-an-ban-tru-ngay-2492026/ct/107405/762347,
thcsnguyenvanto,THCS Nguyễn Văn Tố,thcs,phuongdienhong,none,0,0,0,,,
thbinhan,Trường Tiểu học Bình An,th,phuongdonghoa,regular,3,3,2,2026-09-21,https://thbinhan.hcm.edu.vn/hoat-dong-ban-tru/thuc-don-tuan-3-21092026-25092026/ct/147912/1411059,
thnguyenkhuyen,Trường Tiểu học Nguyễn Khuyến,th,phuongdonghoa,regular,7,7,3,2026-09-24,http://thnguyenkhuyen.hcm.edu.vn/hoat-dong-ban-tru/thuc-don-va-hinh-anh-thuc-an-ban-tru-ngay-2492026/ct/147945/1412231,
tieuhocdonghoa,Trường Tiểu học Đông Hòa,th,phuongdonghoa,none,0,0,0,,,
thcsbinhan-donghoa,Trường THCS Bình An,thcs,phuongdonghoa,none,0,0,0,,,
thcsbinhthang,Trường THCS Bình Thắng,thcs,phuongdonghoa,none,0,0,0,,,
thcsdonghoa,Trường THCS Đông Hòa,thcs,phuongdonghoa,regular,3,3,3,2026-09-19,https://thcsdonghoa.hcm.edu.vn/hoat-dong-ban-tru/thuc-don-va-hinh-anh-suat-an-ban-tru-tuan-3-nam-hoc-2026-2027-2192026-2592026/ct/110672/760214,
mamnonanhdao,Trường Mầm non Anh Đào,mn,phuongdonghungthuan,stale,2,0,0,2026-08-18,https://mamnonanhdao.hcm.edu.vn/thuc-don-theo-thang/thuc-don-thang-8/ct/110979/883697,
mgsonca1,Mẫu Giáo Sơn Ca 1,mn,phuongdonghungthuan,none,0,0,0,,,
mnbengoanq12,Mầm non Bé Ngoan,mn,phuongdonghungthuan,regular,29,2,2,2026-09-14,https://mnbengoanq12.hcm.edu.vn/suc-khoe-dinh-duong/thuc-don-tuan-02-thang-9-nam-2026/ct/28992/887155,
mnngoclan,Mầm non Ngọc Lan,mn,phuongdonghungthuan,regular,15,2,2,2026-09-14,http://mnngoclan.hcm.edu.vn/thuc-don-tuan/thuc-don-tuan-3-thang-92026/ct/63572/887746,
mnsonca3q12,Mầm non Sơn Ca 3,mn,phuongdonghungthuan,stale,15,0,0,2026-05-25,https://mnsonca3q12.hcm.edu.vn/thuc-don-tuan/thuc-don-tuan-40-2552026-2752026/ct/76796/870763,
mnsonca7q12,Mầm non Sơn Ca 7,mn,phuongdonghungthuan,stale,17,0,0,2026-05-18,https://mnsonca7q12.hcm.edu.vn/thuc-don/thuc-don-thang-5-tu-ngay-185-den-ngay-2252026/ct/106495/868959,
mnsoncaq12,Mầm non Sơn Ca,mn,phuongdonghungthuan,regular,16,3,3,2026-09-21,https://mnsoncaq12.hcm.edu.vn/thuc-don-cua-be/thuc-don-cua-be-tuan-3-thang-92026/ct/76662/888627,
thlytutrong,Tiểu học Lý Tự Trọng,th,phuongdonghungthuan,regular,15,3,3,2026-09-21,https://thlytutrong.hcm.edu.vn/y-te/thuc-don-ban-tru-nam-hoc-2026-2027-tu-ngay-21092026-den-ngay-25092026/ct/73346/1411029,
thnguyenankhuongq12,TH Nguyễn An Khương,th,phuongdonghungthuan,regular,21,4,3,2026-09-21,https://thnguyenankhuongq12.hcm.edu.vn/ban-tru/thuc-don-ban-tru-tu-2192026-den-2592026/ct/139761/1411072,
thnguyendu,Tiểu Học Nguyễn Du,th,phuongdonghungthuan,none,0,0,0,,,
thnguyenkhuyenq12,Tiểu Học Nguyễn Khuyến,th,phuongdonghungthuan,regular,8,3,3,2026-09-22,https://thnguyenkhuyenq12.hcm.edu.vn/cai-cach-hanh-chinh/thuc-don-tuan-3-nam-hoc-2026-2027/ct/122062/1411600,
thnguyenthidinhq12,Tiểu Học Nguyễn Thị Định,th,phuongdonghungthuan,stale,10,0,0,2024-10-14,https://thnguyenthidinhq12.hcm.edu.vn/y-te/thuc-don-tuan-tu-ngay-1410-den-25102024/ct/68957/1243839,
thnguyenthiminhkhaiq12,Tiểu Học Nguyễn Thị Minh Khai,th,phuongdonghungthuan,stale,6,0,0,2026-01-28,https://thnguyenthiminhkhaiq12.hcm.edu.vn/thuc-don-ban-tru/thang-12026/ct/145184/1361225,
ththandong,Tiểu Học Thần Đồng,th,phuongdonghungthuan,stale,2,0,0,2025-11-03,https://ththandong.hcm.edu.vn/tin-tuc-su-kien/thuc-don-tuan-moi-da-san-sang/ct/22779/1337442,
ththuankieu,Tiểu Học Thuận Kiều,th,phuongdonghungthuan,regular,16,10,3,2026-09-23,http://ththuankieu.hcm.edu.vn/ban-tin-y-te/hinh-anh-thuc-don-ban-tru-thu-4-ngay-2392026/ct/133796/1412051,
thtranvanonq12,Tiểu Học Trần Văn Ơn,th,phuongdonghungthuan,regular,5,5,3,2026-09-18,https://thtranvanonq12.hcm.edu.vn/thuc-don/thuc-don-ban-tru-tuan-03-2192026-2592026/ct/147810/1410771,
thtruongdinhq12,Trường Tiểu học Trương Định,th,phuongdonghungthuan,stale,17,0,0,2026-05-18,http://thtruongdinhq12.hcm.edu.vn/thuc-don-ban-tru-tuan/thuc-don-ban-tru-tuan-37/ct/81051/1391049,
thtueduc,Trường Tiểu học Tuệ Đức,th,phuongdonghungthuan,none,0,0,0,,,
th-thcstainangtrechaua,Tiểu học – THCS Tài năng trẻ Châu Á,thcs,phuongdonghungthuan,none,0,0,0,,,
thcshahuytapq12,THCS Hà Huy Tập,thcs,phuongdonghungthuan,none,0,0,0,,,
thcsnguyenanhthu,THCS Nguyễn Ảnh Thủ,thcs,phuongdonghungthuan,active,3,1,1,2026-09-04,https://thcsnguyenanhthu.hcm.edu.vn/ba-cong-khai/thong-bao-ket-qua-lua-chon-nha-thau-cung-cap-suat-an-cho-hoc-sinh-ban-tru-truon/ct/107122/758451,
thcsnguyenvinhnghiep,THCS Nguyễn Vĩnh Nghiệp,thcs,phuongdonghungthuan,none,0,0,0,,,
thcsphanboichauq12,THCS Phan Bội Châu,thcs,phuongdonghungthuan,none,0,0,0,,,
thcstranphuq12,THCS Trần Phú - Quận 12,thcs,phuongdonghungthuan,stale,3,0,0,2026-02-03,https://thcstranphuq12.hcm.edu.vn/thuc-don-ban-tru/thuc-don-ban-tru-thang-2-tu-02022026-07022026/ct/109553/739245,
mghuongsen,Mẫu giáo Hương Sen,mn,phuongducnhuan,stale,18,0,0,2026-05-04,https://mghuongsen.hcm.edu.vn/thuc-don/thuc-don-tuan-thang-5-2026/ct/43714/863302,
mgsonca5,Mẫu Giáo Sơn Ca 5,mn,phuongducnhuan,stale,15,0,0,2026-08-10,https://mgsonca5.hcm.edu.vn/thuc-don/tu-ngay-03082026-den-07082026/ct/47224/882891,
mnbcsonca9,Mầm non Sơn Ca 9,mn,phuongducnhuan,stale,14,0,0,2026-06-18,https://mnbcsonca9.hcm.edu.vn/dinh-duong/thuc-don-tu-2206-den-26062026/ct/97424/874998,
mnhoasuphunhuan,Mầm non tư thục Hoa Sứ,mn,phuongducnhuan,stale,11,0,0,2026-02-23,http://mnhoasuphunhuan.hcm.edu.vn/cham-soc-nuoi-duong/thuc-don-tuan-4-thang-2/ct/29455/839471,
mnsonca4phunhuan,Mầm non Sơn Ca 4,mn,phuongducnhuan,stale,17,0,0,2026-05-18,https://mnsonca4phunhuan.hcm.edu.vn/thuc-don-tuan/thuc-don-tuan-21-tu-ngay-1852026-den-ngay-2252026/ct/88353/868249,
mnsonca5phunhuan,TRƯỜNG MẦM NON SƠN CA 5,mn,phuongducnhuan,stale,21,0,0,2025-10-04,https://mnsonca5phunhuan.hcm.edu.vn/thuc-don/thuc-don-tuan-2-thang-10/ct/43692/788583,
thcaobaquat,Tiểu Học Cao Bá Quát,th,phuongducnhuan,none,0,0,0,,,
thcoloa,Tiểu Học Cổ Loa,th,phuongducnhuan,none,0,0,0,,,
thhovanhue,Tiểu Học Hồ Văn Huê,th,phuongducnhuan,regular,26,11,2,2026-09-24,https://thhovanhue.hcm.edu.vn/thuc-don-nam-hoc-2026-2027/bua-an-hoc-sinh-ban-tru-ngay-24092026/ct/147905/1412403,
thsonglo,Tiểu Học Sông Lô,th,phuongducnhuan,stale,15,0,0,2026-04-20,https://thsonglo.hcm.edu.vn/thuc-don/thuc-don-tuan-tu-ngay-20042026-25042026/ct/142525/1383959,
thcsdoclap,THCS Độc Lập,thcs,phuongducnhuan,active,7,1,1,2026-09-25,https://thcsdoclap.hcm.edu.vn/cong-khai-tt09/thuc-don-suat-an-ban-tru-thang-9-nam-2026/ct/107180/762440,
thcstranhuylieu,Trường THCS Trần Huy Liệu,thcs,phuongducnhuan,none,0,0,0,,,
mn15bbinhthanh,Mầm non 15 B,mn,phuonggiadinh,stale,20,0,0,2026-07-24,http://mn15bbinhthanh.hcm.edu.vn/suc-khoe-dinh-duong-thuc-don-tien-an-trong-ngay/thuc-don-thang-7-nam-2026/ct/28285/881067,
mn15binhthanh,Mầm non 15,mn,phuonggiadinh,none,0,0,0,,,
mn17binhthanh,Mầm non 17,mn,phuonggiadinh,stale,12,0,0,2026-04-29,https://mn17binhthanh.hcm.edu.vn/3-cong-khai/thuc-don-thang-5-nam-2026/ct/77776/862491,
mn1binhthanh,Mầm non 1,mn,phuonggiadinh,stale,6,0,0,2026-05-11,https://mn1binhthanh.hcm.edu.vn/suc-khoe-dinh-duong/thuc-don-tuan-tu-ngay-1152026-1552026/ct/28381/865803,
mn2binhthanh,Mầm non 2,mn,phuonggiadinh,active,31,1,1,2026-09-21,https://mn2binhthanh.hcm.edu.vn/thuc-don/thuc-don-tuan-tu-ngay-2192026-den-2592026/ct/111263/888444,
mn3binhthanh,Mầm Non 3,mn,phuonggiadinh,none,0,0,0,,,
mn7abinhthanh,Mầm non 7A,mn,phuonggiadinh,regular,20,8,4,2026-09-22,https://mn7abinhthanh.hcm.edu.vn/thuc-don-ban-tru/thuc-don-ngay-2192026/ct/91117/888705,
mn7bbinhthanh,Mầm non 7B,mn,phuonggiadinh,stale,2,0,0,2025-11-26,https://mn7bbinhthanh.hcm.edu.vn/giao-duc-ky-nang-song/chuyen-de-cung-co-to-chuc-bua-an-cho-tre-trong-truong-mam-non-lop-choi-2/ct/28712/811533,
thbevandan,Tiểu Học Bế Văn Đàn,th,phuonggiadinh,regular,15,5,4,2026-09-21,https://thbevandan.hcm.edu.vn/ban-tru/bua-an-ban-tru-dinh-duong-gioi-thieu-ma-qr-thong-tin-suat-an-ban-tru-cham-soc-t/ct/129850/1411206,
thdaynuixanh,TIỂU HỌC DÃY NÚI XANH - BÌNH THẠNH,th,phuonggiadinh,none,0,0,0,,,
thhahuytap,Tiểu Học Hà Huy Tập,th,phuonggiadinh,regular,15,3,3,2026-09-21,https://thhahuytap.hcm.edu.vn/thuc-don/thuc-don-ban-tru-tuan-3/ct/128959/1411060,
thhongha,Tiểu Học Hồng Hà,th,phuonggiadinh,none,0,0,0,,,
thlamsonbinhthanh,Tiểu Học Lam Sơn,th,phuonggiadinh,stale,28,0,0,2026-05-28,https://thlamsonbinhthanh.hcm.edu.vn/thong-bao/thuc-don-ban-tru-tu-ngay-2552026-den-ngay-2652026/ct/146403/1393523,
thledinhchinhbinhthanh,Tiểu Học Lê Đình Chinh,th,phuonggiadinh,none,0,0,0,,,
thtovinhdien,Tiểu Học Tô Vĩnh Diện,th,phuonggiadinh,stale,31,0,0,2026-05-15,http://thtovinhdien.hcm.edu.vn/nam-2025-2026/thuc-don-tuan-35-tu-1852026-den-2252026/ct/141886/1390708,
thcsdienbien,THCS Điện Biên,thcs,phuonggiadinh,none,0,0,0,,,
thcshahuytap,THCS Hà Huy Tập,thcs,phuonggiadinh,active,4,1,1,2026-09-03,http://thcshahuytap.hcm.edu.vn/ban-tru/thuc-don-ban-tru-thang-92026/ct/108500/760907,
thcslamsonbinhthanh,THCS Lam Sơn,thcs,phuonggiadinh,none,0,0,0,,,
thcstruongcongdinh,THCS Trương Công Định,thcs,phuonggiadinh,stale,1,0,0,2022-12-26,https://thcstruongcongdinh.hcm.edu.vn/ban-tru-2022-2023/thuc-don-hang-thang-cac-lop-ban-tru/ct/100171/591577,
mnanhdaogovap,Mầm non Anh Đào,mn,phuonggovap,regular,16,3,3,2026-09-21,http://mnanhdaogovap.hcm.edu.vn/thuc-don/thuc-don-tuan-tu-ngay-21-2592026/ct/69829/889098,
mnquynhhuonggovap,Mầm non Quỳnh Hương,mn,phuonggovap,stale,16,0,0,2025-05-16,https://mnquynhhuonggovap.hcm.edu.vn/suc-khoe-dinh-duong/thuc-don-cua-be-ngay-1652025/ct/25801/759059,
mnthuytiengovap,Mầm non Thủy Tiên,mn,phuonggovap,stale,16,0,0,2026-05-11,https://mnthuytiengovap.hcm.edu.vn/thuc-don-tuan/thuc-don-tuan-thang-05-nam-2026/ct/99639/865674,
thkimdonggovap,Tiểu Học Kim Đồng,th,phuonggovap,regular,3,3,3,2026-09-18,https://thkimdonggovap.hcm.edu.vn/y-te-ban-tru/thuc-don-tuan-3-21092026-25092026/ct/129711/1410736,
thtranquangkhaigovap,Tiểu Học Trần Quang Khải,th,phuonggovap,none,0,0,0,,,
thcsquangtrunggovap,THCS Quang Trung,thcs,phuonggovap,active,16,1,1,2026-09-07,https://thcsquangtrunggovap.hcm.edu.vn/thuc-don/thuc-don-thang-092026/ct/93830/758702,
mnhoahonggovap,Mầm non Hoa Hồng,mn,phuonghanhthong,active,20,2,1,2026-09-04,http://mnhoahonggovap.hcm.edu.vn/thuc-don-dinh-duong/thuc-don-tuan-01-thang-09-tu-ngay-0792026-den-ngay-1192026/ct/84629/885370,
mnhoalangovap,Mầm non Hoa Lan,mn,phuonghanhthong,stale,16,0,0,2026-08-07,https://mnhoalangovap.hcm.edu.vn/thuc-don-tuan/tuan-nay-be-an-gi/ct/87946/882819,
mnhoaquynhgovap,Mầm non Hoa Quỳnh,mn,phuonghanhthong,stale,19,0,0,2026-07-22,https://mnhoaquynhgovap.hcm.edu.vn/thuc-don-tuan/thuc-don-tuan-cua-tre-tu-ngay-2772026-den-3172026/ct/99433/880697,
mnhongnhung,Mầm non Hồng Nhung,mn,phuonghanhthong,stale,22,0,0,2026-04-20,https://mnhongnhung.hcm.edu.vn/cham-soc-nuoi-duong/thuc-don-tuan-4-thang-4/ct/100208/860289,
mnnhatquynh,Mầm non Nhật Quỳnh,mn,phuonghanhthong,stale,2,0,0,2023-03-06,https://mnnhatquynh.hcm.edu.vn/bai-giang-giao-an/huong-dan-sinh-vien-kien-tap-cach-tinh-khau-phan-an-cho-tre-mam-non/ct/18174/558845,
mnsoncagovap,Mầm non Sơn Ca,mn,phuonghanhthong,stale,15,0,0,2026-04-13,http://mnsoncagovap.hcm.edu.vn/thuc-don-tuan/thuc-don-tuan-tu-ngay-134-den-1742026/ct/93048/857765,
thhanhthong,Tiểu Học Hanh Thông,th,phuonghanhthong,regular,16,4,3,2026-09-18,http://thhanhthong.hcm.edu.vn/thuc-don-ban-tru/thuc-don-ban-tru-tuan-3-tu-ngay-21092026-den-ngay-25092026/ct/138506/1410657,
thnguyenthuonghien,Tiểu học Nguyễn Thượng Hiền,th,phuonghanhthong,regular,23,4,4,2026-09-24,http://thnguyenthuonghien.hcm.edu.vn/thuc-don/thuc-don-tuan-4-tu-ngay-2809-02102026/ct/105675/1411988,
thphamngulao,Tiểu Học Phạm Ngũ Lão,th,phuonghanhthong,stale,15,0,0,2026-05-25,https://thphamngulao.hcm.edu.vn/thuc-don-tuan/thuc-don-tuan/ct/104851/1392690,
thtranquoctoangovap,Tiểu Học Trần Quốc Toản,th,phuonghanhthong,regular,72,4,3,2026-09-18,https://thtranquoctoangovap.hcm.edu.vn/nh-2026-2027/thuc-don-ban-tru-tu-ngay-21092026-den-25092026/ct/147832/1410645,
thtranvanongovap,Tiểu Học Trần Văn Ơn,th,phuonghanhthong,regular,17,3,2,2026-09-19,http://thtranvanongovap.hcm.edu.vn/thuc-don/thuc-don-tuan-3/ct/105704/1410878,
thcsgovap,THCS Gò Vấp,thcs,phuonghanhthong,none,0,0,0,,,
thcsnguyenvantroigovap,THCS Nguyễn Văn Trỗi,thcs,phuonghanhthong,regular,16,3,3,2026-09-23,https://thcsnguyenvantroigovap.hcm.edu.vn/thuc-don-ban-tru/thuc-don-bep-an-nam-hoc-2026-2027-tuan-3-tu-ngay-2192026-den-ngay-2592026/ct/100140/760880,
thcsphanvantri,THCS Phan Văn Trị,thcs,phuonghanhthong,none,0,0,0,,,
thcstruongson,THCS Trường Sơn,thcs,phuonghanhthong,stale,15,0,0,2026-05-15,https://thcstruongson.hcm.edu.vn/thuc-don-ban-tru/thuc-don-ban-tru-tu-ngay-18052026-den-ngay-27052026/ct/105116/750533,
hoahongtd,Mầm non Hoa Hồng,mn,phuonghiepbinh,regular,48,2,2,2026-09-18,http://hoahongtd.hcm.edu.vn/nam-hoc-2026-2027/thuc-don-an-trong-tuan-cua-tre-nha-tre-va-mau-giao-tuan-0492026-tu-ngay-2192026/ct/111087/888046,
mnhiepbinh,Trường Mầm non Hiệp Bình,mn,phuonghiepbinh,none,0,0,0,,,
mnhiepbinhchanh,Mầm non Hiệp Bình Chánh,mn,phuonghiepbinh,regular,15,3,2,2026-09-18,https://mnhiepbinhchanh.hcm.edu.vn/thuc-don/thuc-don-tuan-4-thang-9/ct/100237/888011,
mnhiepbinhchanh2,Mầm non Hiệp Bình Chánh II,mn,phuonghiepbinh,none,0,0,0,,,
mnhiepbinhchanh3,Mầm non Hiệp Bình Chánh III,mn,phuonghiepbinh,stale,3,0,0,2017-04-26,https://mnhiepbinhchanh3.hcm.edu.vn/suc-khoe-dinh-duong/thuc-don-an-trong-tuan-tuan-le-tu-ngay-24-04-2017-den-ngay-29-04-2017/ct/19240/198069,
mnhiepbinhphuoc,Mầm non Hiệp Bình Phước,mn,phuonghiepbinh,regular,16,3,2,2026-09-13,https://mnhiepbinhphuoc.hcm.edu.vn/thuc-don/thuc-don-tuan-2-thang-9/ct/97887/886865,
mnhuetrangtd,Mầm Non Huệ Trắng,mn,phuonghiepbinh,stale,1,0,0,2024-11-04,https://mnhuetrangtd.hcm.edu.vn/nam-hoc-2024-2025/thuc-don-tuan-1-thang-11-nam-2024/ct/97626/699683,
mnhuongduong-td,Mầm non Hướng Dương,mn,phuonghiepbinh,none,0,0,0,,,
mnhuongsenthuduc,Mầm non Hương Sen,mn,phuonghiepbinh,stale,2,0,0,2024-11-13,https://mnhuongsenthuduc.hcm.edu.vn/suc-khoe-dinh-duong/thuc-don-tuan-2-thang-11-nam-2024/ct/25489/702639,
mnsoncathuduc,Mầm non Sơn Ca 3,mn,phuonghiepbinh,stale,5,0,0,2025-12-17,https://mnsoncathuduc.hcm.edu.vn/suc-khoe-dinh-duong/thuc-don-tuan-3-thang-12-cua-tre/ct/26023/819213,
mnthienan3,Mầm non Thiên Ân 3,mn,phuonghiepbinh,none,0,0,0,,,
mntrinhvuong,Mầm non Trinh Vương,mn,phuonghiepbinh,regular,25,10,3,2026-09-24,https://mntrinhvuong.hcm.edu.vn/tin-tuc/thuc-don-mung-tet-trung-thu-25092026/ct/30468/889049,
thbinhquoi,Tiểu Học Bình Quới,th,phuonghiepbinh,regular,15,2,2,2026-09-11,https://thbinhquoi.hcm.edu.vn/thuc-don-ban-tru/thuc-don-ban-tru-thang-9-nam-2026/ct/139326/1409311,
thbinhtrieu,Tiểu Học Bình Triệu,th,phuonghiepbinh,stale,15,0,0,2026-05-16,https://thbinhtrieu.hcm.edu.vn/thuc-don-ban-tru/thuc-don-ban-tru-tuan-3-thang-52026/ct/133629/1391104,
thdangthiranh,Tiểu Học Đặng Thị Rành,th,phuonghiepbinh,none,0,0,0,,,
thdangvanbat,Tiểu Học Đặng Văn Bất,th,phuonghiepbinh,regular,36,3,3,2026-09-20,https://thdangvanbat.hcm.edu.vn/thuc-don-tuan/thuc-don-tuan-3-tu-ngay-21092026-den-25092026/ct/139329/1410892,
thdaosontay,Tiểu Học Đào Sơn Tây,th,phuonghiepbinh,none,0,0,0,,,
thhiepbinhchanh,Tiểu Học Hiệp Bình Chánh,th,phuonghiepbinh,none,0,0,0,,,
thhiepbinhphuoc,Tiểu Học Hiệp Bình Phước,th,phuonghiepbinh,none,0,0,0,,,
thlinhdong,Tiểu học Linh Đông,th,phuonghiepbinh,regular,19,3,3,2026-09-14,https://thlinhdong.hcm.edu.vn/thuc-don-nam-hoc-2026-2027/thuc-don-nam-hoc-2026-2027/ct/147813/1409900,
thcshiepbinh,THCS Hiệp Bình,thcs,phuonghiepbinh,active,14,1,1,2026-08-31,https://thcshiepbinh.hcm.edu.vn/nam-hoc-2026-2027/thuc-don-ban-tru-thang-09/ct/111303/759779,
thcslinhdong,THCS Linh Đông,thcs,phuonghiepbinh,stale,2,0,0,2025-11-03,https://thcslinhdong.hcm.edu.vn/thoi-khoa-bieu/thuc-don-ban-tru/ct/13242/724479,
thcsngochiquoc,THCS Ngô Chí Quốc,thcs,phuonghiepbinh,none,0,0,0,,,
mnhoabinh1,Mầm non 14,mn,phuonghoabinh,regular,16,3,3,2026-09-21,https://mnhoabinh1.hcm.edu.vn/thuc-don-cho-tre/thuc-don-tuan-tu-ngay-21092026-den-ngay-25092026/ct/97438/888400,
mnhoabinh2,Mầm non 5,mn,phuonghoabinh,regular,16,3,3,2026-09-18,https://mnhoabinh2.hcm.edu.vn/thuc-don-tuan/thuc-don-tuan-tu-ngay-2192026-den-ngay-2592026/ct/93780/888474,
thdaithanh,Tiểu Học Đại Thành,th,phuonghoabinh,none,0,0,0,,,
thhoabinhq11,Trường Tiểu học Hòa Bình,th,phuonghoabinh,stale,15,0,0,2026-05-04,https://thhoabinhq11.hcm.edu.vn/thuc-don-tuan/thuc-don-tuan-35-tu-45-den-852026/ct/142227/1386970,
thtranvanonq11,Tiểu Học Trần Văn Ơn,th,phuonghoabinh,stale,1,0,0,2023-10-30,https://thtranvanonq11.hcm.edu.vn/thuc-don/thuc-don-ban-tru-thang-102023-tu-2310-2711-va-3010-03112023/ct/133615/1164090,
thcslequydonq11,THCS Lê Qúy Đôn,thcs,phuonghoabinh,regular,16,3,3,2026-09-21,https://thcslequydonq11.hcm.edu.vn/thuc-don-ban-tru/thuc-don-ban-tru-tuan-3hki-nam-hoc-2026-2027-tu-ngay-2192026-den-ngay-2592026/ct/109435/760512,
thcsnguyenhueq11,THCS Nguyễn Huệ,thcs,phuonghoabinh,stale,16,0,0,2026-05-18,https://thcsnguyenhueq11.hcm.edu.vn/gioi-thieu/thuc-don-ban-tru-tuan-17-hkii-nam-hoc-2025-2026/ct/31066/750788,
mn19thang5hoahung,Mầm non 19-5,mn,phuonghoahung,regular,15,3,3,2026-09-20,https://mn19thang5hoahung.hcm.edu.vn/thuc-don-tuan/thuc-don-tuan-cho-tre-tu-2192026-den-2592026/ct/34021/888384,
mnhoabinh-hoahung,"TRƯỜNG MẦM NON HÒA BÌNH, PHƯỜNG HÒA HƯNG",mn,phuonghoahung,stale,16,0,0,2026-06-25,https://mnhoabinh-hoahung.hcm.edu.vn/dinh-duong-cua-be/thuc-don-tuan-tu-296-den-0372026/ct/105673/875838,
mnhoasen-hoahung,Mầm non Phường 13,mn,phuonghoahung,regular,15,3,3,2026-09-21,https://mnhoasen-hoahung.hcm.edu.vn/thuc-don-tuan/tuan-le-tu-ngay-21-9-2026-den-ngay-25-9-2026/ct/47859/888402,
mnmangnon1,Mầm non Măng non I,mn,phuonghoahung,regular,31,3,3,2026-09-21,https://mnmangnon1.hcm.edu.vn/thuc-don/thuc-don-tuan-tu-2192026-den-2592026/ct/25531/888408,
mntuoitho-hoahung,MN Tuổi Thơ Hòa Hưng,mn,phuonghoahung,stale,15,0,0,2026-05-11,https://mntuoitho-hoahung.hcm.edu.vn/dinh-duong-cua-be/thuc-don-tuan-le-tu-ngay-1152026-den-1552026/ct/40539/865924,
thbachai,Tiểu Học Bắc Hải,th,phuonghoahung,regular,15,3,3,2026-09-19,http://thbachai.hcm.edu.vn/hoat-dong-ban-tru/thuc-don-tuan-3-tu-ngay-2192026-den-ngay-2592026/ct/136382/1410885,
thlethirieng,Tiểu Học Lê Thị Riêng,th,phuonghoahung,regular,10,5,2,2026-09-16,https://thlethirieng.hcm.edu.vn/hoat-dong-ban-tru/chuan-bi-bua-an-ban-tru-ngay-1692026/ct/134514/1410288,
ththienhoduong,Tiểu Học Thiên Hộ Dương,th,phuonghoahung,regular,58,16,4,2026-09-24,http://ththienhoduong.hcm.edu.vn/ban-tru/bua-an-trua-ban-tru-2492026/ct/145244/1412302,
thtohienthanh,Tiểu Học Tô Hiến Thành,th,phuonghoahung,none,0,0,0,,,
thtrieuthitrinh,TIỂU HỌC TRIỆU THỊ TRINH,th,phuonghoahung,regular,16,8,4,2026-09-24,https://thtrieuthitrinh.hcm.edu.vn/hoat-dong-ban-tru/bua-an-trua-ban-tru-ngay-2492026/ct/64425/1412254,
thcscachmangthangtam,THCS Cách Mạng Tháng Tám,thcs,phuonghoahung,none,0,0,0,,,
thcshoahungq10,THCS Hòa Hưng,thcs,phuonghoahung,regular,19,3,3,2026-09-19,https://thcshoahungq10.hcm.edu.vn/album-anh/thuc-don-ban-tru-tuan-3-219-259/ct/107789/760121,
thcslachongq10,THCS Lạc Hồng,thcs,phuonghoahung,regular,16,3,3,2026-09-18,http://thcslachongq10.hcm.edu.vn/thuc-don-ban-tru/thuc-don-ban-tru-tu-ngay-219-den-ngay-2592026/ct/107185/760111,
thcstranphu,THCS Trần Phú,thcs,phuonghoahung,regular,17,3,2,2026-09-19,https://thcstranphu.hcm.edu.vn/thuc-don-ban-tru/thuc-don-ban-tru-tuan-2192026-2592026/ct/84974/760207,
thdinhphuoc,Trường Tiểu học Định Phước,th,phuonghoaloi,none,0,0,0,,,
mn10q4,Mầm Non 10 Quận 4,mn,phuongkhanhhoi,stale,12,0,0,2026-07-17,https://mn10q4.hcm.edu.vn/suc-khoe-dinh-duong/thuc-don-tuan-tu-ngay-2007-den-24072026/ct/28129/880791,
mn14q4,Mầm non 14 Quận 4,mn,phuongkhanhhoi,none,0,0,0,,,
mn6q4,Mầm non 6 Quận 4,mn,phuongkhanhhoi,stale,12,0,0,2026-07-20,https://mn6q4.hcm.edu.vn/suc-khoe-dinh-duong/thuc-don-cua-be-tu-ngay-20-24072026/ct/28681/880454,
mn9q4,Mầm non 9 Quận 4,mn,phuongkhanhhoi,stale,8,0,0,2026-04-17,https://mn9q4.hcm.edu.vn/cham-soc-nuoi-duong/thuc-don-tuan-4-thang-4/ct/28771/858256,
thdongdaq4,Tiểu Học Đống Đa,th,phuongkhanhhoi,stale,45,0,0,2026-05-18,https://thdongdaq4.hcm.edu.vn/thuc-don-ban-tru-nam-2025-2026/thuc-don-ban-tru-tuan-3-thang-5-nam-2026/ct/141888/1392051,
thlynhonq4,Tiểu Học Lý Nhơn,th,phuongkhanhhoi,none,0,0,0,,,
thnguyenvantroiq4,Tiểu Học Nguyễn Văn Trỗi,th,phuongkhanhhoi,none,0,0,0,,,
thcschilang,THCS Chi Lăng,thcs,phuongkhanhhoi,none,0,0,0,,,
mganhhong,Mẫu Giáo Ánh Hồng,mn,phuonglinhxuan,none,0,0,0,,,
mnhoadaothuduc,Mầm non Hoa Đào,mn,phuonglinhxuan,regular,13,2,2,2026-09-11,https://mnhoadaothuduc.hcm.edu.vn/cong-tac-ban-tru/thuc-don-cho-cac-be-nhom-bot-chao-va-nha-tre-mau-giao-tuan-3-thang-9-nam-hoc-20/ct/109594/886854,
mnhoangyen,Mầm non Hoàng Yến,mn,phuonglinhxuan,active,5,1,1,2026-09-20,https://mnhoangyen.hcm.edu.vn/mon-an-be-thich/thuc-don-truong-mam-non-hoang-yen-3-tuan-3-thang-9-tu-ngay-2192026-2592026-cua/ct/101437/888289,
mnlinhtay,Mầm non Linh Tây,mn,phuonglinhxuan,stale,7,0,0,2026-06-25,https://mnlinhtay.hcm.edu.vn/dinh-duong-suc-khoe/thuc-don-tuan-1-thang-72026/ct/70158/875795,
mnlinhtrung,Mầm non Linh Trung,mn,phuonglinhxuan,none,0,0,0,,,
mnlinhxuan,Mầm non Linh Xuân,mn,phuonglinhxuan,stale,17,0,0,2026-05-15,http://mnlinhxuan.hcm.edu.vn/thuc-don-cua-tre/thuc-don-tuan-3-thang-5-nam-2026/ct/93245/869395,
mnsaomaithuduc,Mầm non Sao Mai,mn,phuonglinhxuan,stale,18,0,0,2026-07-01,https://mnsaomaithuduc.hcm.edu.vn/thuc-don-cua-be/thuc-don-cua-be-tuan-1-272026/ct/100595/877386,
mnsenhongthuduc,Mầm non Sen Hồng,mn,phuonglinhxuan,stale,12,0,0,2026-05-18,https://mnsenhongthuduc.hcm.edu.vn/hoat-dong-ban-tru/thuc-don-tuan-3-thang-5-nam-2026/ct/107437/868488,
thdotanphong,Tiểu Học Đỗ Tấn Phong,th,phuonglinhxuan,regular,5,3,2,2026-09-18,https://thdotanphong.hcm.edu.vn/nam-hoc-2026-2027/truong-tieu-hoc-do-tan-phong-thong-bao-thuc-don-tuan-4-nam-hoc-2026-2027/ct/147587/1410738,
thhoangdieuthuduc,Tiểu Học Hoàng Diệu,th,phuonglinhxuan,regular,17,3,3,2026-09-18,https://thhoangdieuthuduc.hcm.edu.vn/cong-tac-ban-tru/thuc-don-tuan-03-thang-09-hoc-ky-i-nam-hoc-2026-2027-tu-ngay-21092026-25092026/ct/139193/1411039,
thlinhtay,Tiểu Học Linh Tây,th,phuonglinhxuan,stale,15,0,0,2026-05-22,http://thlinhtay.hcm.edu.vn/thuc-don-hang-tuan-cua-hoc-sinh/thuc-don-hang-tuan-cua-hoc-sinh-tu-255-den-295-2026/ct/146437/1392335,
thnguyenvanlichthuduc,Tiểu Học Nguyễn Văn Lịch,th,phuonglinhxuan,none,0,0,0,,,
thnguyenvanno,Tiểu học Nguyễn Văn Nở,th,phuonglinhxuan,regular,80,17,3,2026-09-24,https://thnguyenvanno.hcm.edu.vn/hoc-ki-1/thuc-don-ban-tru-tuan-5/ct/147790/1412225,
thnguyenvantriet,Tiểu Học Nguyễn Văn Triết,th,phuonglinhxuan,none,0,0,0,,,
thxuanhiep,Tiểu Học Xuân Hiệp,th,phuonglinhxuan,regular,16,9,4,2026-09-25,https://thxuanhiep.hcm.edu.vn/hinh-anh-thuc-pham-dau-vao/hinh-anh-thuc-pham-so-che-chuan-bi-cho-bua-an-ngay-2592026/ct/148038/1412474,
thcslinhtrung,THCS Linh Trung,thcs,phuonglinhxuan,active,4,2,1,2026-09-24,https://thcslinhtrung.hcm.edu.vn/bua-an-hoc-duong/bua-an-hoc-duong/ct/111336/762338,
thcsnguyenvanba,THCS Nguyễn Văn Bá,thcs,phuonglinhxuan,regular,15,3,3,2026-09-19,https://thcsnguyenvanba.hcm.edu.vn/ban-tru/thuc-don-ban-tru-tuan-3-hoc-ki-1-nam-hoc-2026-2027/ct/103098/760319,
thcsxuantruong,THCS Xuân Trường,thcs,phuonglinhxuan,regular,12,11,3,2026-09-24,https://thcsxuantruong.hcm.edu.vn/ban-tru/hinh-anh-suat-an-ban-tru-ngay-24092026/ct/111234/762337,
mnhoathuong,Mầm non Hoa Thương,mn,phuonglongbinh,none,0,0,0,,,
mnlongbinh,Mầm non Long Bình,mn,phuonglongbinh,regular,16,3,2,2026-09-18,https://mnlongbinh.hcm.edu.vn/suc-khoe-dinh-duong/thuc-don-tuan-4-thang-9/ct/92405/887918,
mnlongson,Mầm Non Long Sơn,mn,phuonglongbinh,stale,15,0,0,2026-07-20,https://mnlongson.hcm.edu.vn/dinh-duong/thuc-don-cho-be-tu-ngay-2072026-2472026/ct/89404/880212,
mnlongthanhmy,Mầm non Long Thạnh Mỹ,mn,phuonglongbinh,stale,15,0,0,2026-05-08,https://mnlongthanhmy.hcm.edu.vn/thuc-don/thuc-don-tuan-1-thang-52026/ct/107896/864962,
mnsoncaq9,Mầm non Sơn Ca 2,mn,phuonglongbinh,stale,11,0,0,2026-05-18,https://mnsoncaq9.hcm.edu.vn/cong-khai/thuc-don-tre-tuan-03-thang-5-nam-2026/ct/99521/868177,
mntauyen,Mầm Non Tạ Uyên,mn,phuonglongbinh,stale,6,0,0,2025-12-29,https://mntauyen.hcm.edu.vn/thuc-don/thuc-don-tuan-5-thang-10-nam-2025/ct/100570/823477,
thlongbinh,Tiểu Học Long Bình,th,phuonglongbinh,none,0,0,0,,,
thlongthanhmy,Tiểu Học Long Thạnh Mỹ,th,phuonglongbinh,none,0,0,0,,,
thnguyenminhqg,Tiểu Học Nguyễn Minh Quang,th,phuonglongbinh,none,0,0,0,,,
thtauyenq9,Tiểu Học Tạ Uyên,th,phuonglongbinh,none,0,0,0,,,
thcshungbinh,THCS Hưng Bình,thcs,phuonglongbinh,none,0,0,0,,,
thcslongbinh,THCS Long Bình,thcs,phuonglongbinh,stale,3,0,0,2025-10-06,https://thcslongbinh.hcm.edu.vn/cong-khai/thuc-don-ban-tru-tuan-5-thang-102025/ct/106950/719948,
mnlonghuong,Mầm non Long Hương,mn,phuonglonghuong,regular,12,3,3,2026-09-18,https://mnlonghuong.hcm.edu.vn/suc-khoe-dinh-duong/thuc-don-cua-tre-tu-ngay-2192026-den-ngay-2592026/ct/110493/888054,
thlongnguyen,Tiểu học Long Nguyên,th,phuonglongnguyen,regular,15,2,2,2026-09-21,http://thlongnguyen.hcm.edu.vn/nam-hoc-2026-2027/thuc-don-ban-tru-tuan-04-nam-hoc-2026-2027/ct/147926/1411157,
mnhongoccantptd,Mầm non Hồ Ngọc Cẩn,mn,phuonglongphuoc,stale,1,0,0,2025-04-10,https://mnhongoccantptd.hcm.edu.vn/gioi-thieu/thuc-don-thang-042025/ct/103785/746156,
mnlongphuoc,Mầm non Long Phước,mn,phuonglongphuoc,none,0,0,0,,,
mntamdatptd,Mầm non Tam Đa,mn,phuonglongphuoc,none,0,0,0,,,
mntruongthanh,Mầm non Trường Thạnh,mn,phuonglongphuoc,none,0,0,0,,,
thlongphuoc,Tiểu Học Long Phước,th,phuonglongphuoc,none,0,0,0,,,
thtruongthanh,Tiểu Học Trường Thạnh,th,phuonglongphuoc,stale,9,0,0,2025-04-02,https://thtruongthanh.hcm.edu.vn/ban-tru/thuc-don-ban-tru-thang-42025/ct/132679/1289353,
thcslongphuoc,THCS Long Phước,thcs,phuonglongphuoc,none,0,0,0,,,
thcstruongthanh,THCS Trường Thạnh,thcs,phuonglongphuoc,none,0,0,0,,,
mgtuoitho,Mầm non Tuổi Thơ,mn,phuonglongtruong,none,0,0,0,,,
mnlongtruong,Mầm non Long Trường,mn,phuonglongtruong,stale,2,0,0,2025-10-31,https://mnlongtruong.hcm.edu.vn/bai-giang-giao-an/truong-mam-non-long-truong-to-chuc-chuyen-de-gio-an-bua-an-su-dung-khay-com/ct/17046/802254,
thphuhuu,Tiểu Học Phú Hữu,th,phuonglongtruong,none,0,0,0,,,
thphuocthanhq9,Tiểu Học Phước Thạnh,th,phuonglongtruong,regular,9,9,2,2026-09-17,https://thphuocthanhq9.hcm.edu.vn/tin-tuc-su-kien/bua-an-ban-tru-cua-hoc-sinh-truong-tieu-hoc-long-truong-phan-hieu-ngay-17092026/ct/31557/1410545,
thcslongtruong,THCS Long Trường,thcs,phuonglongtruong,stale,5,0,0,2026-04-07,http://thcslongtruong.hcm.edu.vn/thuc-don-ban-tru/thuc-don-thang-3/ct/110409/746394,
thcsphuhuu,THCS Phú Hữu,thcs,phuonglongtruong,none,0,0,0,,,
mangnonminhphung,Mầm non Măng Non,mn,phuongminhphung,regular,15,3,3,2026-09-19,https://mangnonminhphung.hcm.edu.vn/cham-soc-nuoi-duong/thuc-don-tuan-tu-2192026-2592026/ct/65103/887884,
mn2-minhphung,Mầm non 2,mn,phuongminhphung,stale,15,0,0,2026-07-20,https://mn2-minhphung.hcm.edu.vn/thuc-don-cua-be/thuc-don-tuan-4-thang-7-207-2472026/ct/101183/880171,
mnbinhminh-minhphung,Trường Mầm non Bình Minh,mn,phuongminhphung,regular,15,3,2,2026-09-18,https://mnbinhminh-minhphung.hcm.edu.vn/thuc-don-tuan/thuc-don-tuan-3-thang-9-nam-2026-tu-ngay-21-thang-9-den-25-thang-9-nam-2026/ct/101644/888012,
mncattuong-minhphung,Mầm non Cát Tường,mn,phuongminhphung,none,0,0,0,,,
soncaminhphung,Mần non Sơn Ca,mn,phuongminhphung,regular,16,4,3,2026-09-18,http://soncaminhphung.hcm.edu.vn/van-ban-chi-dao/ve-viec-tang-cuong-bao-dam-an-toan-chat-luong-bua-an-noi-tru-ban-tru-trong-cac/ct/95461/887874,
thaucoq11,Tiểu Học Âu Cơ,th,phuongminhphung,stale,1,0,0,2025-10-01,https://thaucoq11.hcm.edu.vn/y-te/ho-so-don-vi-cung-cap-suat-an-ban-tru/ct/130135/1362590,
thdetham,Trường Tiểu học Đề Thám,th,phuongminhphung,stale,2,0,0,2026-05-09,https://thdetham.hcm.edu.vn/tin-tuc-su-kien/thuc-don-ban-tru-tuan-33-tu-ngay-11052026-den-15052026/ct/65158/1388874,
thhungviet,Trường Tiểu Học Hưng Việt,th,phuongminhphung,regular,12,4,3,2026-09-25,https://thhungviet.hcm.edu.vn/ban-tin-cong-khai/thong-bao-cong-khai-ve-don-vi-cung-cap-suat-an-ban-tru-cho-hoc-sinh/ct/140768/1412478,
thledinhchinhq11,Tiểu Học Lê Đình Chinh,th,phuongminhphung,none,0,0,0,,,
thnguyenthiq11,Tiểu Học Nguyễn Thi,th,phuongminhphung,none,0,0,0,,,
thphamvanhaiq11,Tiểu Học Phạm Văn Hai,th,phuongminhphung,none,0,0,0,,,
thcshaugiangq11,THCS Hậu Giang,thcs,phuongminhphung,stale,23,0,0,2025-10-19,https://thcshaugiangq11.hcm.edu.vn/nam-hoc-2025-2026/thuc-don-ban-tru-tuan-7-thang-10-nam-hoc-2025-2026/ct/109743/721954,
thcsleanhxuanq11,THCS Lê Anh Xuân,thcs,phuongminhphung,stale,1,0,0,2025-11-03,https://thcsleanhxuanq11.hcm.edu.vn/an-toan-thuc-pham/thuc-don-112025/ct/91909/725462,
thcsnguyenminhhoang,THCS Nguyễn Minh Hoàng,thcs,phuongminhphung,stale,16,0,0,2026-05-11,https://thcsnguyenminhhoang.hcm.edu.vn/thuc-don-ban-tru/thuc-don-ban-tru-tuan-15-hk2/ct/103458/750094,
mghoanganhq3,Mẫu Giáo Hoàng Anh,mn,phuongnhieuloc,stale,16,0,0,2026-04-09,https://mghoanganhq3.hcm.edu.vn/thuc-don/thuc-don-thang-22026/ct/45663/855695,
mn11q3,Mầm non 11,mn,phuongnhieuloc,stale,38,0,0,2026-05-14,https://mn11q3.hcm.edu.vn/nam-hoc-2025-2026/thuc-don-mua-he-cho-tre-mam-non-theo-do-tuoi-day-du-dinh-duong/ct/106829/866795,
mn12q3,Mầm Non 12,mn,phuongnhieuloc,stale,47,0,0,2026-08-10,http://mn12q3.hcm.edu.vn/thuc-don/thuc-don-khoi-nha-tre-mau-giao-tuan-2-thang-8/ct/88104/882983,
mn13q3,Mầm non 13,mn,phuongnhieuloc,stale,20,0,0,2025-09-22,https://mn13q3.hcm.edu.vn/thuc-don/thuc-don/ct/46244/783426,
mn14q3,Mầm non 14,mn,phuongnhieuloc,stale,18,0,0,2019-12-28,https://mn14q3.hcm.edu.vn/thuc-don/truong-mam-non-14-to-chuc-cho-ba-me-an-sang-cung-be/ct/46305/417120,
mn9q3,Mầm non 9,mn,phuongnhieuloc,regular,22,10,3,2026-09-23,http://mn9q3.hcm.edu.vn/thuc-don-tuan/thuc-don-ngay-22-thang-9-nam-2026/ct/47069/888873,
thkydong,Tiểu Học Kỳ Đồng,th,phuongnhieuloc,regular,3,3,2,2026-09-19,https://thkydong.hcm.edu.vn/thuc-don/thuc-don-tuan-3-tu-ngay-2192026-den-2592026/ct/147898/1410871,
thnguyenthiq3,Tiểu Học Nguyễn Thi,th,phuongnhieuloc,stale,14,0,0,2026-03-25,https://thnguyenthiq3.hcm.edu.vn/ban-tru/nguyen-thi-thuc-don-tuan-2303-27032026/ct/108814/1376202,
thnguyenviethong,Tiểu Học Nguyễn Việt Hồng,th,phuongnhieuloc,stale,16,0,0,2026-02-25,https://thnguyenviethong.hcm.edu.vn/thuc-don/thuc-don-tuan-232-2722026/ct/133406/1368506,
thtranquangdieu,Tiểu Học Trần Quang Diệu,th,phuongnhieuloc,stale,16,0,0,2026-05-25,https://thtranquangdieu.hcm.edu.vn/hoat-dong-ban-tru/thuc-don-tuan-tu-2552026-den-2752026/ct/78955/1392638,
thtranvandang,Tiểu Học Trần Văn Đang,th,phuongnhieuloc,none,0,0,0,,,
thtruongquyen,Tiểu Học Trương Quyền,th,phuongnhieuloc,regular,28,12,2,2026-09-24,https://thtruongquyen.hcm.edu.vn/dinh-duong-suc-khoe/bua-an-cua-hoc-sinh-ngay-2492026/ct/129918/1412259,
thcsbachdangq3,THCS Bạch Đằng,thcs,phuongnhieuloc,none,0,0,0,,,
thcsdoanthidiem,THCS Đoàn Thị Điểm,thcs,phuongnhieuloc,none,0,0,0,,,
thcsluongthevinhq3,THCS Lương Thế Vinh,thcs,phuongnhieuloc,stale,1,0,0,2015-11-12,https://thcsluongthevinhq3.hcm.edu.vn/y-te-hoc-duong/tam-quan-trong-cua-bua-an-sang/ct/48142/75420,
lopmamnon-phudinh,Lớp Mầm non Phường Phú Định,mn,phuongphudinh,none,0,0,0,,,
mnanhduongq8,TRƯỜNG MẦM NON ÁNH DƯƠNG,mn,phuongphudinh,none,0,0,0,,,
mnbengoanq8,Trường Mầm Non Bé Ngoan - Phường Phú Định,mn,phuongphudinh,stale,8,0,0,2026-05-01,https://mnbengoanq8.hcm.edu.vn/suc-khoe-dinh-duong/thuc-don-thang-5-tu-ngay-0452026-den-ngay-2952026/ct/29005/863750,
mnbonghongq8,Trường Mầm non Bông Hồng,mn,phuongphudinh,stale,23,0,0,2026-06-26,https://mnbonghongq8.hcm.edu.vn/nam-hoc-2025-2026/thuc-don-thang-7-nam-2026-va-bang-tong-hop-khau-phan-an-thang-7-nam-2026/ct/106918/882778,
mnbongsenq8,Mầm non Bông Sen,mn,phuongphudinh,regular,23,8,4,2026-09-23,https://mnbongsenq8.hcm.edu.vn/nam-hoc-2026-2027/thuc-don-cua-tre/ct/111248/889105,
mnhoamiq8,Trường Mầm non Họa Mi,mn,phuongphudinh,stale,15,0,0,2026-05-08,https://mnhoamiq8.hcm.edu.vn/thuc-don-cua-be/thuc-don-tuan-thang-52026-tu-ngay-1152026-den-ngay-1552026/ct/85289/864957,
mnhoaphuong,Mầm non Hoa Phượng,mn,phuongphudinh,regular,18,3,3,2026-09-18,http://mnhoaphuong.hcm.edu.vn/thuc-don/thuc-don-tuan-3-thang-9-tu-ngay-2192026-den-ngay-2592026/ct/74731/888026,
mnkimdongq8,Mầm non Kim Đồng,mn,phuongphudinh,regular,33,2,2,2026-09-21,http://mnkimdongq8.hcm.edu.vn/cai-cach-hanh-chinh/thuc-don-tuan-3-thang-9/ct/90958/888491,
mnsoncaq8,Mầm non Sơn Ca,mn,phuongphudinh,regular,6,3,3,2026-09-17,https://mnsoncaq8.hcm.edu.vn/3-cong-khai/thuc-don-tuan-tu-2192026-2592026/ct/90922/887841,
mnvietmy2,TRƯỜNG MẦM NON VIỆT MỸ – PHÚ ĐỊNH,mn,phuongphudinh,none,0,0,0,,,
thhongduc,Tiểu Học Hồng Đức,th,phuongphudinh,regular,11,6,3,2026-09-25,https://thhongduc.hcm.edu.vn/ban-tru/thuc-don-ban-tru-phan-hieu-tuan-04-tu-ngay-289-den-ngay-02102026/ct/129689/1412481,
thluuhuuphuoc,Tiểu Học Lưu Hữu Phước,th,phuongphudinh,active,30,1,1,2026-09-08,http://thluuhuuphuoc.hcm.edu.vn/nam-hoc-2026-2027/thuc-don-ban-tru-tuan-1-2026-2027/ct/147868/1408727,
thlythaito,Tiểu Học Lý Thái Tổ,th,phuongphudinh,none,0,0,0,,,
thnguyencongtru,Tiểu Học Nguyễn Công Trứ,th,phuongphudinh,regular,15,3,2,2026-09-18,https://thnguyencongtru.hcm.edu.vn/thuc-don/thuc-don-tuan-3-tu-ngay-2192026-den-ngay-2592026/ct/146346/1410779,
thnguyennhuocthi,Tiểu Học Nguyễn Nhược Thị,th,phuongphudinh,none,0,0,0,,,
thtrannguyenhan,Tiểu Học Trần Nguyên Hãn,th,phuongphudinh,active,20,1,1,2026-09-03,https://thtrannguyenhan.hcm.edu.vn/thuc-don-ban-tru-nh-2026-2027/thuc-don-ban-tru-thang-92026/ct/147847/1408642,
thtuylyvuong,Tiểu Học Tuy Lý Vương,th,phuongphudinh,stale,12,0,0,2025-11-01,https://thtuylyvuong.hcm.edu.vn/ban-tru/thuc-don-tuan-9/ct/90952/1335300,
th-thcsvietmyq8,TH-THCS Việt Mỹ,thcs,phuongphudinh,none,0,0,0,,,
thcsbinhdong,THCS Bình Đông,thcs,phuongphudinh,none,0,0,0,,,
thcslelai,THCS Lê Lai,thcs,phuongphudinh,active,16,1,1,2026-09-21,https://thcslelai.hcm.edu.vn/thuc-don-ban-tru/thuc-don-ban-tru-tuan-3-21092026-25092026/ct/103859/760406,
thcstungthienvuong,THCS Tùng Thiện Vương,thcs,phuongphudinh,none,0,0,0,,,
mnrangdong12,Mầm non Rạng Đông 12,mn,phuongphulam,active,21,2,1,2026-09-03,https://mnrangdong12.hcm.edu.vn/cai-cach-hanh-chinh/thuc-don-tuan-4-2109-25092026/ct/89123/885191,
mnrangdong13,Mầm non Rạng Đông 13,mn,phuongphulam,active,18,3,1,2026-09-24,http://mnrangdong13.hcm.edu.vn/thuc-don/thuc-don-an-cua-tre-ngay-24092026/ct/93766/889271,
mnrangdong14,Mầm non Rạng Đông 14,mn,phuongphulam,regular,18,4,4,2026-09-25,https://mnrangdong14.hcm.edu.vn/thuc-don-tuan/thuc-don-tuan-tu-ngay-2892026-den-02102026/ct/100044/889332,
thdangnguyencan,Tiểu Học Đặng Nguyên Cẩn,th,phuongphulam,none,0,0,0,,,
thhimlam,Tiểu Học Him Lam,th,phuongphulam,none,0,0,0,,,
thlamsonq6,Tiểu Học Lam Sơn,th,phuongphulam,regular,30,3,2,2026-09-18,https://thlamsonq6.hcm.edu.vn/thuc-don/thuc-don-tuan-3/ct/140686/1410713,
thphulam,Tiểu Học Phú Lâm,th,phuongphulam,regular,6,3,3,2026-09-18,http://thphulam.hcm.edu.vn/thuc-don/thuc-don-tuan-3-21-259/ct/133626/1411077,
thtruongcongdinh,Tiểu Học Trương Công Định,th,phuongphulam,stale,16,0,0,2025-01-06,https://thtruongcongdinh.hcm.edu.vn/thuc-don/thuc-don-bep-an-tap-the-tuan-18-tu-ngay-06012025-den-10012025/ct/139608/1269595,
thcsdoanket,THCS Đoàn Kết,thcs,phuongphulam,active,17,1,1,2026-09-17,https://thcsdoanket.hcm.edu.vn/thuc-don-ban-tru/thuc-don-ban-tru-thang-9-nam-2026/ct/107803/759925,
mnhaiaubay,Trường Mầm non Hải Âu Bay,mn,phuongphunhuan,none,0,0,0,,,
mnsonca10,Mầm Non Sơn Ca 10,mn,phuongphunhuan,active,19,1,1,2026-09-04,http://mnsonca10.hcm.edu.vn/thuc-don/thuc-don-tuan-1-tu-ngay-0792026-den-1192026/ct/43872/885778,
mnsonca11,Mầm non Sơn Ca 11,mn,phuongphunhuan,stale,19,0,0,2026-07-24,https://mnsonca11.hcm.edu.vn/thuc-don-tuan/thuc-don-tuan-7-he-2026/ct/43701/881034,
mnsonca12,Mầm non Sơn Ca 12,mn,phuongphunhuan,stale,16,0,0,2026-06-26,https://mnsonca12.hcm.edu.vn/thuc-don/thuc-don-dinh-duong-tu-296-den-1072026/ct/100364/877297,
mnsonca14,Mầm non Sơn Ca 14,mn,phuongphunhuan,stale,62,0,0,2026-08-04,http://mnsonca14.hcm.edu.vn/thuc-don-tuan-nam-hoc-2025-2026/thuc-don-tre-tu-ngay-27-3172026/ct/103449/882404,
mnsonca17,Mầm non Sơn Ca 17,mn,phuongphunhuan,stale,41,0,0,2026-05-08,https://mnsonca17.hcm.edu.vn/thuc-don-thang-4-nam-2026/thuc-don-du-kien-tu-ngay-11-den-ngay-15-thang-5-nam-2026/ct/109946/865114,
mnsonca8phunhuan,Mầm non Sơn Ca 8,mn,phuongphunhuan,regular,15,2,2,2026-09-12,https://mnsonca8phunhuan.hcm.edu.vn/thuc-don-tuan/thuc-don-tuan-tu-14092026-den-18092026/ct/47587/887263,
thchilinh,Tiểu Học Chí Linh,th,phuongphunhuan,none,0,0,0,,,
thdangvanngu,Tiểu Học Đặng Văn Ngữ,th,phuongphunhuan,none,0,0,0,,,
thnguyendinhchinh,Tiểu Học Nguyễn Đình Chính,th,phuongphunhuan,regular,7,7,3,2026-09-24,http://thnguyendinhchinh.hcm.edu.vn/tin-tuc-su-kien/bua-an-trua-ngay-thu-nam-2492026-tai-truong-tieu-hoc-phu-nhuan/ct/23199/1412246,
thphamngocthach,Tiểu Học Phạm Ngọc Thạch,th,phuongphunhuan,none,0,0,0,,,
thvantuong,Tiểu Học Vạn Tường,th,phuongphunhuan,none,0,0,0,,,
thcsdaoduyanhphunhuan,THCS Đào Duy Anh,thcs,phuongphunhuan,stale,1,0,0,2025-10-17,https://thcsdaoduyanhphunhuan.hcm.edu.vn/thu-chi-tai-chinh/cong-van-yeu-cau-bao-gia-cung-cap-suat-an-trua-nam-hoc-2025-2026/ct/96424/720854,
mnbinhminh2td,Mầm non Bình Minh 2,mn,phuongphuoclong,none,0,0,0,,,
mnhoahongdo,Mầm non Hoa Hồng Đỏ,mn,phuongphuoclong,stale,1,0,0,2015-04-22,https://mnhoahongdo.hcm.edu.vn/suc-khoe-dinh-duong/thuc-don-tuan-4-thang-042015/ct/29233/24252,
mnhoalanq9,Mầm non Hoa Lan,mn,phuongphuoclong,stale,2,0,0,2025-11-19,https://mnhoalanq9.hcm.edu.vn/dinh-duong/cach-su-dung-muoi-i-ot-va-cac-thuc-pham-giau-i-ot-trong-bua-an/ct/110411/870789,
mnhoasenq9,Mầm non Hoa Sen,mn,phuongphuoclong,none,0,0,0,,,
mnkieudam,Mầm non Kiều Đàm,mn,phuongphuoclong,none,0,0,0,,,
mnmattroiachau,Mầm non Mặt Trời Á Châu,mn,phuongphuoclong,none,0,0,0,,,
mnphuocbinh,Mầm non Phước Bình,mn,phuongphuoclong,active,4,1,1,2026-09-16,https://mnphuocbinh.hcm.edu.vn/ban-tin-hoat-dong/bua-an-an-toan-du-dinh-duong-cho-tre-tai-truong-mam-non-phuoc-binh/ct/16995/887443,
mnphuoclongbtptd,Mầm non Phước Long B,mn,phuongphuoclong,none,0,0,0,,,
mnvuongquoctihon2,Mầm non Vương Quốc Tí Hon 2,mn,phuongphuoclong,none,0,0,0,,,
thbuivanmoi,Tiểu Học Bùi Văn Mới,th,phuongphuoclong,stale,15,0,0,2026-05-18,https://thbuivanmoi.hcm.edu.vn/cong-tac-ban-tru/thuc-don-tuan-37/ct/110510/1391145,
thnguyenvanba,Tiểu Học Nguyễn Văn Bá,th,phuongphuoclong,stale,19,0,0,2026-05-04,https://thnguyenvanba.hcm.edu.vn/thuc-don-hang-ngay/bang-thuc-don-tuan-33-tu-ngay-04052026-den-08052026/ct/105894/1387028,
thphamvanchinh,Tiểu học Phạm Văn Chính,th,phuongphuoclong,regular,17,2,2,2026-09-14,https://thphamvanchinh.hcm.edu.vn/thuc-don/cong-khai-suat-an-ban-tru-ngay-1492026/ct/137318/1409871,
thphuocbinh,Tiểu Học Phước Bình,th,phuongphuoclong,none,0,0,0,,,
thtranthibuoi,Tiểu học Trần Thị Bưởi,th,phuongphuoclong,active,9,2,1,2026-09-18,https://thtranthibuoi.hcm.edu.vn/thuc-don-ban-tru/thuc-don-hoc-sinh-ban-tru-2192026-2592026/ct/146669/1410785,
thvovanhat,Tiểu Học Võ Văn Hát,th,phuongphuoclong,stale,19,0,0,2026-05-08,https://thvovanhat.hcm.edu.vn/thuc-don/thuc-don-ban-tru-tuan-37-tu-2552026-2952026/ct/105891/1389179,
thcsdangtantai,THCS Đặng Tấn Tài,thcs,phuongphuoclong,stale,1,0,0,2016-09-12,https://thcsdangtantai.hcm.edu.vn/gioi-thieu/nghi-thuc-don-cac-em-hoc-sinh-lop-6-nam-hoc-2016-2017/ct/12411/137956,
thcsphuocbinh,THCS Phước Bình,thcs,phuongphuoclong,none,0,0,0,,,
thphuocthang,Trường Tiểu học Phước Thắng,th,phuongphuocthang,regular,7,6,4,2026-09-23,https://thphuocthang.hcm.edu.vn/ban-tin-nha-truong/kiem-tra-dot-xuat-bep-an-chung-tay-vi-bua-an-an-toan-chat-luong-cho-hoc-sinh/ct/147612/1412134,
mnhoabinhtanphu,Mầm non Hòa Bình,mn,phuongphuthanh,none,0,0,0,,,
mnhoanganhtanphu,Mầm non Hoàng Anh,mn,phuongphuthanh,stale,29,0,0,2026-05-22,https://mnhoanganhtanphu.hcm.edu.vn/nam-hoc-2025-2026/thuc-don-ban-tru-tuan-4-thang-52026-tu-2552026-den-2952026/ct/106786/872620,
mntaohong2tanphu,TRƯỜNG MẦM NON TÁO HỒNG 2,mn,phuongphuthanh,stale,4,0,0,2024-12-19,https://mntaohong2tanphu.hcm.edu.vn/hoat-dong-chuyen-mon/hoi-thi-bua-an-dinh-duong-danh-cho-tre-mam-non/ct/100810/713424,
mnthienly,Mầm non Thiên Lý,mn,phuongphuthanh,regular,48,18,4,2026-09-24,https://mnthienly.hcm.edu.vn/hinh-anh-suat-an-thuc-te/truong-mam-non-thien-ly-cong-khai-khau-phan-an-cua-tre-bua-trua-ngay-2492026/ct/111253/889212,
thaucotanphu,Tiểu Học Âu Cơ,th,phuongphuthanh,stale,15,0,0,2026-04-10,https://thaucotanphu.hcm.edu.vn/thuc-don-ban-tru/thuc-don-ban-tru-ngay-1342026-den-ngay-1742026/ct/134412/1381352,
thduytan,Tiểu Học Duy Tân,th,phuongphuthanh,stale,17,0,0,2026-05-17,https://thduytan.hcm.edu.vn/thuc-don-ban-tru/truong-tieu-hoc-duy-tan-kinh-gui-quy-thay-co-giao-quy-cmhs-va-cac-em-hs-thuc-do/ct/134318/1390981,
thhieptan,Tiểu Học Hiệp Tân,th,phuongphuthanh,regular,26,14,4,2026-09-24,https://thhieptan.hcm.edu.vn/hinh-anh-suat-an-thuc-te/khau-phan-an-ngay-2492026/ct/147857/1412274,
thphanchutrinhtanphu,Tiểu Học Phan Chu Trinh,th,phuongphuthanh,regular,19,19,3,2026-09-24,http://thphanchutrinhtanphu.hcm.edu.vn/bua-an-hoc-sinh/truong-tieu-hoc-phan-chu-trinh-xin-gui-den-quy-cha-me-hoc-sinh-hinh-anh-khay-th/ct/147918/1412189,
thvothisautanphu,Tiểu Học Võ Thị Sáu,th,phuongphuthanh,regular,14,11,3,2026-09-24,https://thvothisautanphu.hcm.edu.vn/cong-tac-ban-tru/truong-tieu-hoc-vo-thi-sau-gioi-thieu-den-quy-cha-me-hoc-sinh-bua-an-ban-tru-ng/ct/27489/1412326,
th-thcshungvuong,TH-THCS Hùng Vương,thcs,phuongphuthanh,regular,15,7,3,2026-09-24,https://th-thcshungvuong.hcm.edu.vn/thuc-don-ban-tru/suat-an-ban-tru-ngay-2492026/ct/107163/762397,
thcsdongkhoitanphu,THCS Đồng Khởi,thcs,phuongphuthanh,regular,6,6,2,2026-09-24,https://thcsdongkhoitanphu.hcm.edu.vn/thuc-don-thong-tin-chat-luong-bua-an/thuc-don-bua-an-trua-cua-hoc-sinh-ban-tru-ngay-24092026/ct/111320/762339,
thcstanthoihoa,THCS Tân Thới Hòa,thcs,phuongphuthanh,none,0,0,0,,,
mnhoami-phutho,Trường Mầm non Họa Mi,mn,phuongphutho,regular,19,3,3,2026-09-20,https://mnhoami-phutho.hcm.edu.vn/nam-hoc-2026-2027/thuc-don-cho-tre-tuan-3-2192026-den-2592026/ct/111218/888806,
mnphutho,Mầm non 15,mn,phuongphutho,none,0,0,0,,,
mnsaovang-phutho,Mầm non 13,mn,phuongphutho,stale,16,0,0,2026-08-07,https://mnsaovang-phutho.hcm.edu.vn/suc-khoe-dinh-duong/thuc-don-tuan-tu-ngay-1082026-den-ngay-1462026/ct/28219/882745,
mnsonca-phutho,Mầm non Phường 12,mn,phuongphutho,stale,15,0,0,2026-04-28,https://mnsonca-phutho.hcm.edu.vn/thuc-don/thuc-don-cho-tre-tu-27042026-den-30042026/ct/97690/861913,
thnguyenthinho,Tiểu Học Nguyễn Thị Nhỏ,th,phuongphutho,regular,17,3,2,2026-09-21,https://thnguyenthinho.hcm.edu.vn/thuc-don-ban-tru/thuc-don-ban-tru-tuan-3-21092026-25092026/ct/133132/1411469,
thphutho,Tiểu học Phú Thọ,th,phuongphutho,regular,15,2,2,2026-09-15,https://thphutho.hcm.edu.vn/thuc-don-tuan/thuc-don-tuan-02-tu-14092026-18092026/ct/129054/1410122,
thquyetthang,Tiểu Học Quyết Thắng,th,phuongphutho,stale,14,0,0,2026-05-18,http://thquyetthang.hcm.edu.vn/an-toan-thuc-pham-truong-hoc/thuc-don-tuan-35-nam-hoc-2025-2026/ct/105541/1391319,
thtrungtrac,Tiểu Học Trưng Trắc,th,phuongphutho,regular,17,3,2,2026-09-21,https://thtrungtrac.hcm.edu.vn/thuc-don/thuc-don-ban-tru-tuan-03-nam-hoc-2026-2027/ct/129201/1410988,
thcslugia,THCS Lữ Gia,thcs,phuongphutho,none,0,0,0,,,
thcsphutho,THCS Phú Thọ,thcs,phuongphutho,none,0,0,0,,,
mghongantanphu,Mẫu giáo Hồng Ân,mn,phuongphuthohoa,stale,5,0,0,2026-02-15,https://mghongantanphu.hcm.edu.vn/thanh-tra-kiem-tra/ngay-10-11022026-truong-mau-giao-hong-an-chinh-thuc-don-doan-danh-gia-ngoai-cua/ct/95325/838936,
mgmaihong,Mẫu giáo Mai Hồng,mn,phuongphuthohoa,regular,13,2,2,2026-09-22,https://mgmaihong.hcm.edu.vn/cong-khai-theo-thong-tu-36/thuc-don-tuan-3-cua-thang-92026-tu-ngay-2192026-den-ngay-25926/ct/100218/888802,
mgtuoihong,Mẫu Giáo Tuổi Hồng,mn,phuongphuthohoa,stale,15,0,0,2026-03-31,https://mgtuoihong.hcm.edu.vn/hoat-dong-cham-soc-thuc-don-tuan/truong-mau-giao-tuoi-hong-kinh-gui-phu-huynh-thuc-don-cua-thang-4-nam-hoc-2025/ct/100345/858029,
mnbongsentanphu,Mầm non Bông Sen,mn,phuongphuthohoa,regular,22,3,2,2026-09-19,https://mnbongsentanphu.hcm.edu.vn/thuc-don-ban-tru/thuc-don-ban-tru-tuan-3-thang-9-tu-2192026-den-2592026/ct/99261/888196,
mnhoaanhdaotanphu,Mầm non Hoa Anh Đào,mn,phuongphuthohoa,regular,36,5,3,2026-09-24,https://mnhoaanhdaotanphu.hcm.edu.vn/nam-hoc-2026-2027/thuc-don-tuan-cua-be-tu-ngay-2892026-den-ngay-02102026/ct/110958/889124,
mnnhieuloc,Mầm non Nhiêu Lộc,mn,phuongphuthohoa,regular,19,2,2,2026-09-18,https://mnnhieuloc.hcm.edu.vn/nam-hoc-2025-2026/thuc-don-tuan-tu-ngay-219-den-2592026/ct/107136/888055,
mnrangdongtanphu,Mầm non Rạng Đông,mn,phuongphuthohoa,active,17,1,1,2026-09-10,https://mnrangdongtanphu.hcm.edu.vn/thuc-don/thuc-don-an-trong-tuan-le-tu-ngay-0792026-11092026/ct/100335/886576,
mntrangnguyentanphu,Mầm non Trạng Nguyên,mn,phuongphuthohoa,regular,17,3,3,2026-09-17,http://mntrangnguyentanphu.hcm.edu.vn/thuc-don-hang-tuan/truong-mam-non-trang-nguyen-xin-goi-den-cac-thay-co-va-cac-bac-cha-me-hoc-sinh/ct/103220/888701,
mnvanganhtanphu,Mầm non Vàng Anh,mn,phuongphuthohoa,stale,18,0,0,2026-05-14,https://mnvanganhtanphu.hcm.edu.vn/nam-hoc-2025-2026/thuc-don-tu-ngay-1852026-den-ngay-2252026-cua-truong-mam-non-vang-anh/ct/106329/866811,
thlevantamtanphu,Tiểu Học Lê Văn Tám,th,phuongphuthohoa,regular,15,3,2,2026-09-22,https://thlevantamtanphu.hcm.edu.vn/thuc-don-ban-tru/truong-tieu-hoc-le-van-tam-gioi-thieu-thuc-don-ban-tru-tuan-3-nam-hoc-2026-2027/ct/137480/1411678,
thtanhuong,Tiểu Học Tân Hương,th,phuongphuthohoa,regular,24,13,4,2026-09-24,https://thtanhuong.hcm.edu.vn/gioi-thieu/truong-tieu-hoc-tan-huong-gioi-thieu-den-cha-me-hoc-sinh-bua-an-ban-tru-ngay-24/ct/24332/1412387,
thtanthoi,Tiểu Học Tân Thới,th,phuongphuthohoa,regular,21,3,3,2026-09-18,http://thtanthoi.hcm.edu.vn/thuc-don-ban-tru/truong-tieu-hoc-tan-thoi-kinh-gui-den-quy-thay-co-quy-cha-me-hoc-sinh-thuc-don/ct/134617/1412065,
thtovinhdientanphu,Tiểu Học Tô Vĩnh Diện,th,phuongphuthohoa,regular,83,10,4,2026-09-24,https://thtovinhdientanphu.hcm.edu.vn/bua-an-ban-tru-hang-ngay/truong-tieu-hoc-to-vinh-dien-gioi-thieu-bua-an-ban-tru-ngay-2492026-danh-cho-ho/ct/147977/1412424,
thcsleanhxuantanphu,THCS Lê Anh Xuân,thcs,phuongphuthohoa,regular,15,3,2,2026-09-19,https://thcsleanhxuantanphu.hcm.edu.vn/ban-tru/thuc-don-tuan-03-tu-ngay-21092026-den-ngay-25092026/ct/104442/760232,
thcsnguyenhuetanphu,THCS Nguyễn Huệ,thcs,phuongphuthohoa,regular,3,3,2,2026-09-20,http://thcsnguyenhuetanphu.hcm.edu.vn/thong-bao/thong-bao-thuc-don-ban-tru-tuan-03-tu-ngay-2192026-den-ngay-2592026/ct/27442/760396,
thcsphanboichautanphu,THCS Phan Bội Châu,thcs,phuongphuthohoa,regular,15,15,3,2026-09-24,https://thcsphanboichautanphu.hcm.edu.vn/hinh-anh-hoat-dong-ban-tru/thcs-phan-boi-chau-hinh-anh-bua-an-trua-ban-tru-cua-hoc-sinh-thu-nam-ngay-24092/ct/111269/762365,
thcsvothanhtrang,THCS Võ Thành Trang,thcs,phuongphuthohoa,regular,16,3,3,2026-09-20,https://thcsvothanhtrang.hcm.edu.vn/doan-the/thuc-don-ban-tru-tuan-3-tu-2109-den-2509/ct/104600/760271,
mnhoahongq7,Mầm non Hoa Hồng,mn,phuongphuthuan,regular,20,4,4,2026-09-24,http://mnhoahongq7.hcm.edu.vn/cham-soc-nuoi-duong/thuc-don-tuan-4-thang-9-nam-2026-tu-ngay-289-den-ngay-02102026/ct/29257/889109,
mnphuthuan,Trường Mầm non Phú Thuận Quận 7,mn,phuongphuthuan,stale,27,0,0,2026-02-09,http://mnphuthuan.hcm.edu.vn/cong-khai-2025-2026/thong-bao-tinh-hinh-to-chuc-bua-an-ban-tru-cho-tre-tai-truong/ct/106678/837575,
thleanhxuanq7,Tiểu Học Lê Anh Xuân,th,phuongphuthuan,stale,17,0,0,2025-12-15,https://thleanhxuanq7.hcm.edu.vn/thuc-don-tuan/thuc-don-tuan-15-15122025-19122025/ct/136633/1348324,
thnguyenvanhuong,Tiểu Học Nguyễn Văn Hưởng,th,phuongphuthuan,regular,32,18,4,2026-09-24,https://thnguyenvanhuong.hcm.edu.vn/hinh-anh-bua-an-ban-tru/hinh-anh-bua-an-trua-ban-tru-cua-hoc-sinh-thu-nam-ngay-24092026/ct/139775/1412235,
thphuthuanq7,TH Phú Thuận,th,phuongphuthuan,regular,33,16,3,2026-09-24,https://thphuthuanq7.hcm.edu.vn/thuc-don-ngay/thuc-don-ngay-2492026/ct/137413/1412288,
thcsngotatto,THCS Ngô Tất Tố,thcs,phuongphuthuan,none,0,0,0,,,
mgsapa,Trường mẫu giáo dân lập Sapa,mn,phuongsaigon,regular,3,3,2,2026-09-19,https://mgsapa.hcm.edu.vn/thuc-don/thuc-don-tuan-3-thang-9-nam-2026/ct/110824/888223,
mn30thang4-saigon,Mầm non 30-4 Quận 1,mn,phuongsaigon,stale,15,0,0,2026-04-20,http://mn30thang4-saigon.hcm.edu.vn/thuc-don-cua-be/thuc-don-cua-be-tuan-4-thang-42026/ct/87181/858863,
mnhoalu,Mầm non Hoa Lư,mn,phuongsaigon,stale,2,0,0,2026-05-22,https://mnhoalu.hcm.edu.vn/tin-tuc-su-kien/truong-mam-non-hoa-lu-to-chuc-chuyen-de-doi-moi-hinh-thuc-to-chuc-bua-an-cho-tr/ct/15261/870057,
mnlethirieng,Mầm non Lê Thị Riêng,mn,phuongsaigon,stale,5,0,0,2026-04-27,https://mnlethirieng.hcm.edu.vn/suc-khoe-dinh-duong/thuc-don-thang-52026-cua-be/ct/15238/869261,
thhoabinh-saigon,Tiểu Học Hòa Bình,th,phuongsaigon,regular,17,2,2,2026-09-14,https://thhoabinh-saigon.hcm.edu.vn/thuc-don-hang-ngay/thuc-don-tuan-2-nam-hoc-2026-2027/ct/76301/1409635,
thnguyenbinhkhiem,Tiểu Học Nguyễn Bỉnh Khiêm,th,phuongsaigon,regular,17,7,4,2026-09-24,http://thnguyenbinhkhiem.hcm.edu.vn/thuc-don-ban-tru/thuc-don-ban-tru-tuan-4-nam-hoc-2026-2027/ct/41268/1412170,
thcsvotruongtoan,THCS Võ Trường Toản,thcs,phuongsaigon,regular,4,4,3,2026-09-24,http://thcsvotruongtoan.hcm.edu.vn/mon-ngon-moi-ngay/bua-ngon-moi-ngay-thuc-don-tuan-3-nam-hoc-2026-2027/ct/111313/760039,
mgmaikhoithuduc,Mẫu Giáo Mai Khôi,mn,phuongtambinh,none,0,0,0,,,
mnbinhchieu,Mầm non Bình Chiểu,mn,phuongtambinh,stale,8,0,0,2026-05-23,https://mnbinhchieu.hcm.edu.vn/thuc-don-tre-nam-hoc-2025-2026/thuc-don-cua-tre-tuan-4-thang-5-nam-2026/ct/109999/870404,
mnhoamaithuduc,Mầm non Hoa Mai,mn,phuongtambinh,none,0,0,0,,,
mnhoami,Mầm non Họa Mi 3,mn,phuongtambinh,stale,15,0,0,2026-08-02,https://mnhoami.hcm.edu.vn/thuc-don-cua-be/thuc-don-tuan-i-thang-82026/ct/101577/882155,
mntambinh,Mầm non Tam Bình,mn,phuongtambinh,none,0,0,0,,,
mntamphu,Mầm non Tam Phú,mn,phuongtambinh,regular,36,3,3,2026-09-18,https://mntamphu.hcm.edu.vn/thuc-don-cua-be/thuc-don-tre-tuan-4-thang-9-nam-2026/ct/111261/888610,
thbinhchieu,Tiểu Học Bình Chiểu,th,phuongtambinh,regular,13,13,3,2026-09-24,http://thbinhchieu.hcm.edu.vn/y-te/thuc-don-ngay-2492026/ct/133048/1412297,
thnguyenvantay,TH Nguyễn Văn Tây,th,phuongtambinh,regular,31,4,3,2026-09-25,https://thnguyenvantay.hcm.edu.vn/thuc-don/thuc-don-tuan-5-thang-9/ct/134580/1412470,
thtambinh,Tiểu Học Tam Bình,th,phuongtambinh,stale,11,0,0,2026-04-20,http://thtambinh.hcm.edu.vn/ban-tru/thuc-don-ban-tru-tuan-31-20042026-den-24042026/ct/76001/1384715,
ththaivanlung1,Tiểu Học Thái Văn Lung,th,phuongtambinh,stale,32,0,0,2026-05-22,http://ththaivanlung1.hcm.edu.vn/2025-2026/thuc-don-ban-tru-tuan-38/ct/141340/1392173,
thtranvanvan,TIỂU HỌC TRẦN VĂN VÂN,th,phuongtambinh,none,0,0,0,,,
thtruongvanhai,Tiểu Học Trương Văn Hải,th,phuongtambinh,regular,30,17,4,2026-09-24,https://thtruongvanhai.hcm.edu.vn/nh-2026-2027/suat-an-ban-tru-ngay-2492026-thu-nam/ct/147016/1412349,
thcsbinhchieu,THCS Bình Chiểu,thcs,phuongtambinh,none,0,0,0,,,
thcsduongvanthi,THCS Dương Văn Thì,thcs,phuongtambinh,none,0,0,0,,,
thcstambinh,THCS Tam Bình,thcs,phuongtambinh,stale,13,0,0,2026-03-09,https://thcstambinh.hcm.edu.vn/y-te-hoc-duong/bang-thuc-don-thang-032026/ct/107464/742292,
thcsthaivanlung,Trường THCS Thái Văn Lung,thcs,phuongtambinh,none,0,0,0,,,
mnvietmy-tamthang,Trường Mầm non Việt Mỹ,mn,phuongtamthang,none,0,0,0,,,
thsongnguvungtau,Trường Tiểu học Song ngữ Vũng Tàu,th,phuongtamthang,none,0,0,0,,,
mnbengoan-tandinh,Mầm non Bé Ngoan,mn,phuongtandinh,stale,15,0,0,2026-07-24,https://mnbengoan-tandinh.hcm.edu.vn/thuc-don-tuan-cua-be/thuc-don-tuan-5-thang-7-nam-2026-cua-be/ct/90428/882054,
mntandinh,Mầm non Tân Định,mn,phuongtandinh,none,0,0,0,,,
thdinhtienhoangptandinh,Tiểu Học Đinh Tiên Hoàng,th,phuongtandinh,regular,15,3,3,2026-09-21,https://thdinhtienhoangptandinh.hcm.edu.vn/ban-tru/bang-thuc-don-tuan-tu-ngay-21092026-den-ngay-25092026/ct/104653/1411032,
thduocsong,Tiểu Học Đuốc Sống,th,phuongtandinh,stale,15,0,0,2026-04-29,https://thduocsong.hcm.edu.vn/thuc-don-ban-tru/thuc-don-thang-52026/ct/21321/1387623,
thtrankhanhdu,Tiểu Học Trần Khánh Dư,th,phuongtandinh,stale,16,0,0,2025-10-01,https://thtrankhanhdu.hcm.edu.vn/thuc-don/thuc-don-thang-10-nam-2025/ct/60165/1324782,
th-thcstandinh,TRƯỜNG TIỂU HỌC - TRUNG HỌC CƠ SỞ TÂN ĐỊNH,thcs,phuongtandinh,stale,2,0,0,2025-08-29,https://th-thcstandinh.hcm.edu.vn/thong-bao/thong-bao-ve-viec-lua-chon-doi-tac-cung-cap-suat-an-cho-hoc-sinh-nam-hoc-2025-2/ct/93943/719396,
thcshuynhkhuongninh,THCS Huỳnh Khương Ninh,thcs,phuongtandinh,active,15,1,1,2026-09-08,https://thcshuynhkhuongninh.hcm.edu.vn/thuc-don-ban-tru/thuc-don-thang-09-nam-hoc-2026-2027/ct/64758/758919,
thcstranvanon,THCS Trần Văn Ơn,thcs,phuongtandinh,none,0,0,0,,,
thbuithixuan,Trường Tiểu học Bùi Thị Xuân,th,phuongtandonghiep,none,0,0,0,,,
thdongan,Trường Tiểu học Đông An,th,phuongtandonghiep,none,0,0,0,,,
thtanbinh-tandonghiep,Trường Tiểu học Tân Bình,th,phuongtandonghiep,none,0,0,0,,,
thcstanbinh-tandonghiep,Trường THCS Tân Bình,thcs,phuongtandonghiep,regular,14,14,3,2026-09-24,http://thcstanbinh-tandonghiep.hcm.edu.vn/thuc-don/tiet-hoc-duoc-mong-cho-nhat-tiet-an/ct/109837/761019,
thcstandonghiepb,Trường THCS Tân Đông Hiệp B,thcs,phuongtandonghiep,none,0,0,0,,,
mnhiepphu,Mầm non Hiệp Phú,mn,phuongtangnhonphu,stale,1,0,0,2017-12-04,https://mnhiepphu.hcm.edu.vn/giao-duc-ky-nang-song/chuyen-de-to-chuc-bua-an-gia-dinh-cho-tre-trong-truong-mam-non/ct/16991/247414,
mnhoangyenq9,Mầm non Hoàng Yến 2,mn,phuongtangnhonphu,stale,1,0,0,2025-10-31,https://mnhoangyenq9.hcm.edu.vn/cham-soc-nuoi-duong/bua-an-gia-dinh-cua-cac-be-la-3/ct/85516/802547,
mnphongphu,Mầm non Phong Phú,mn,phuongtangnhonphu,active,3,2,1,2026-09-20,https://mnphongphu.hcm.edu.vn/cham-soc-nuoi-duong/thuc-don-tuan-4-thang-9-tu-ngay-219-den-ngay-2592026/ct/109688/888322,
mntangnhonphu,Trường Mầm non Tăng Nhơn Phú,mn,phuongtangnhonphu,active,3,1,1,2026-09-14,http://mntangnhonphu.hcm.edu.vn/dinh-duong-suc-khoe/thuc-don-tuan-039/ct/109610/887301,
mntanphu,Mầm non Tân Phú,mn,phuongtangnhonphu,stale,15,0,0,2025-11-10,http://mntanphu.hcm.edu.vn/thuc-don-cho-tre/thuc-don-tre-tuan-211/ct/100550/806068,
mntuoihoaq9,Mầm non Tuổi Hoa,mn,phuongtangnhonphu,stale,13,0,0,2026-07-13,https://mntuoihoaq9.hcm.edu.vn/suc-khoe-dinh-duong/thuc-don-he-cua-tre-tuan-3-tu-ngay-13-1772026/ct/30493/879994,
mntuoihongq9,Mầm non Tuổi Hồng,mn,phuongtangnhonphu,stale,15,0,0,2026-08-06,https://mntuoihongq9.hcm.edu.vn/thuc-don-tuan/thuc-don-tuan-2-thang-8-nam-2026/ct/99504/882698,
mntuoingocq9,Mầm non Tuổi Ngọc,mn,phuongtangnhonphu,stale,1,0,0,2019-04-04,https://mntuoingocq9.hcm.edu.vn/suc-khoe-dinh-duong/thuc-hien-cung-co-chuyen-de-doi-moi-bua-an-cho-tre/ct/30547/397080,
mnvanganhq9,Mầm non Vàng Anh,mn,phuongtangnhonphu,none,0,0,0,,,
thdinhtienhoangq9,Trường Tiểu Học Đinh Tiên Hoàng,th,phuongtangnhonphu,regular,5,5,2,2026-09-24,https://thdinhtienhoangq9.hcm.edu.vn/ban-tru-y-te-hoc-duong/bua-an-ban-tru-ngay-thu-nam-du-day-dinh-duong-tron-niem-vui/ct/70926/1412448,
thhiepphu,Tiểu Học Hiệp Phú,th,phuongtangnhonphu,active,2,2,1,2026-08-25,https://thhiepphu.hcm.edu.vn/cong-khai/thong-bao-ve-viec-lua-chon-doi-tac-cung-cap-suat-an-trua-cho-hoc-sinh-ban-tru-t/ct/137711/1406915,
thlevanviet,Tiểu Học Lê Văn Việt,th,phuongtangnhonphu,regular,16,3,3,2026-09-18,https://thlevanviet.hcm.edu.vn/ban-tru/thuc-don-ban-tru-tuan-03-tu-21092026-25092026/ct/62822/1410762,
thphongphuq9,Tiểu Học Phong Phú,th,phuongtangnhonphu,stale,1,0,0,2026-01-07,https://thphongphuq9.hcm.edu.vn/thong-bao/ve-viec-dieu-chinh-muc-thu-suat-an-ban-tru-nh-2025-2026/ct/114291/1353708,
thtanphuq9,Tiểu Học Tân Phú,th,phuongtangnhonphu,regular,14,2,2,2026-09-22,https://thtanphuq9.hcm.edu.vn/nam-hoc-2026-2027/thuc-don-tuan-04-thang-09-cua-hoc-sinh/ct/147693/1411756,
thtruongvanthanh,Tiểu Học Trương Văn Thành,th,phuongtangnhonphu,stale,14,0,0,2025-12-22,http://thtruongvanthanh.hcm.edu.vn/thuc-don-ban-tru/thuc-don-tuan-16-2212-26122025/ct/142120/1349704,
thcshiepphu,THCS Hiệp Phú,thcs,phuongtangnhonphu,none,0,0,0,,,
thcshoaluq9,THCS Hoa Lư,thcs,phuongtangnhonphu,none,0,0,0,,,
thcstangnhonphub,THCS Tăng Nhơn Phú B,thcs,phuongtangnhonphu,regular,10,7,4,2026-09-24,https://thcstangnhonphub.hcm.edu.vn/cong-khai-theo-thong-tu-09/mot-so-hinh-anh-ve-bua-an-ban-tru-ngay-2492026-cua-hoc-sinh-truong-thcs-tang-nh/ct/109373/762419,
thcstanphuq9,THCS Tân Phú,thcs,phuongtangnhonphu,none,0,0,0,,,
thtrungvuong,Trường tiểu học Trưng Vương,th,phuongtanhai,none,0,0,0,,,
honglamq12,Mầm non Hồng Lam,mn,phuongtanhoa,none,0,0,0,,,
mn6tanbinh,Mầm non 6,mn,phuongtanhoa,none,0,0,0,,,
mn8tanbinh,Mầm non 8,mn,phuongtanhoa,stale,1,0,0,2025-10-29,https://mn8tanbinh.hcm.edu.vn/dinh-duong-cho-be-mam-non/che-do-dinh-duong-trong-tung-bua-an-cho-tre/ct/33112/800709,
mn9tanbinh,Mầm non 9,mn,phuongtanhoa,regular,17,3,3,2026-09-20,https://mn9tanbinh.hcm.edu.vn/thuc-don-tuan/thuc-don-tuan-3-cua-tre-tu-ngay-2192026-den-ngay-2592026/ct/93743/888563,
mnsoncatb,Mầm non Sơn Ca,mn,phuongtanhoa,regular,15,3,3,2026-09-21,https://mnsoncatb.hcm.edu.vn/thuc-don-tuan/thuc-don-tuan-3-thang-9-nam-2026-tu-ngay-2192026-den-ngay-2592026/ct/97594/888393,
thchilangtanbinh,Tiểu Học Chi Lăng,th,phuongtanhoa,none,0,0,0,,,
thdongdatanbinh,Tiểu Học Đống Đa,th,phuongtanhoa,regular,16,3,3,2026-09-18,http://thdongdatanbinh.hcm.edu.vn/thuc-don/thuc-don-tuan-03-21092026-25092026-nam-hoc-2026-2027/ct/140776/1410760,
thhungvuongtb,Tiểu học Hùng Vương,th,phuongtanhoa,active,18,2,1,2026-09-20,https://thhungvuongtb.hcm.edu.vn/thuc-don/thuc-don-tuan-3-tu-ngay-2192026-den-ngay-2592026/ct/143469/1410967,
thngochoi,Tiểu Học Ngọc Hồi,th,phuongtanhoa,stale,8,0,0,2023-05-23,https://thngochoi.hcm.edu.vn/thong-bao/thuc-don-ban-tru-tu-22052023-den-25052023/ct/63271/1127108,
thtranvanontanbinh,Tiểu Học Trần Văn Ơn,th,phuongtanhoa,regular,13,2,2,2026-09-14,https://thtranvanontanbinh.hcm.edu.vn/gioi-thieu/thuc-don-ban-tru-tuan-2/ct/23324/1409845,
thcslythuongkiet-tanhoa,THCS Lý Thường Kiệt,thcs,phuongtanhoa,regular,16,12,3,2026-09-24,https://thcslythuongkiet-tanhoa.hcm.edu.vn/thuc-don-ban-tru/thuc-don-bua-an-ban-tru-thu-5-ngay-2492026/ct/109691/762336,
thcsmacdinhchitb,THCS Mạc Đĩnh Chi,thcs,phuongtanhoa,regular,15,3,2,2026-09-20,http://thcsmacdinhchitb.hcm.edu.vn/thuc-don-ban-tru/thuc-don-ban-tru-tuan-3-hk1-2192026-2592026/ct/107277/760422,
thcsnguyengiathieu,THCS Nguyễn Gia Thiều,thcs,phuongtanhoa,regular,15,15,3,2026-09-23,https://thcsnguyengiathieu.hcm.edu.vn/hoat-dong-ban-tru/suat-an-ban-tru-ngay-23-09-2026/ct/99142/760997,
thcsphamngocthach,THCS Phạm Ngọc Thạch,thcs,phuongtanhoa,active,17,1,1,2026-09-06,http://thcsphamngocthach.hcm.edu.vn/ban-tru/thuc-don-tuan-01-tu-ngay-07092026-den-ngay-11092026/ct/91878/758598,
thcsquangtrungtanbinh,THCS Quang Trung,thcs,phuongtanhoa,none,0,0,0,,,
thcstranvandang,THCS Trần Văn Đang,thcs,phuongtanhoa,none,0,0,0,,,
mntanhung,Mầm non Tân Hưng,mn,phuongtanhung,regular,19,3,3,2026-09-18,http://mntanhung.hcm.edu.vn/thuc-don-tuan/thuc-don-tuan-3-thang-9/ct/86972/888064,
mntankieng,Mầm non Tân Kiểng,mn,phuongtanhung,regular,17,5,4,2026-09-23,https://mntankieng.hcm.edu.vn/suc-khoe-dinh-duong/nha-truong-va-gia-dinh-chung-tay-vi-bua-an-cua-tre/ct/16468/888943,
mntanphong,Mầm non Tân Phong,mn,phuongtanhung,regular,29,3,3,2026-09-20,https://mntanphong.hcm.edu.vn/thuc-don/thuc-don-cua-tre-tuan-03-thang-9-tu-ngay-2192026-den-ngay-2592026/ct/91970/888279,
mntanphong2,Mầm Non Tân Phong 2,mn,phuongtanhung,stale,33,0,0,2026-08-07,https://mntanphong2.hcm.edu.vn/dinh-duong-cua-be/thuc-don-cua-tre-ngay-782026/ct/95406/882842,
mntanquy,Mầm non Tân Quy,mn,phuongtanhung,stale,16,0,0,2026-05-24,https://mntanquy.hcm.edu.vn/thuc-don-cua-be/thuc-don-nha-tre-mau-giao-tuan-04-thang-05-tu-25052026-den-29052026/ct/87547/870417,
thluongthevinhq7,Tiểu Học Lương Thế Vinh,th,phuongtanhung,regular,19,14,3,2026-09-24,http://thluongthevinhq7.hcm.edu.vn/thuc-don/thuc-don-ngay-2492026/ct/147921/1412215,
thtanhungq7,Tiểu Học Tân Hưng,th,phuongtanhung,regular,20,3,2,2026-09-18,http://thtanhungq7.hcm.edu.vn/ban-tru/thuc-don-ban-tru-tu-ngay-21092026-den-25092026/ct/147872/1410804,
thtanquyq7,Tiểu Học Tân Quy,th,phuongtanhung,active,1,1,1,2026-09-08,https://thtanquyq7.hcm.edu.vn/ban-tru/thuc-don-thang-9-nam-2026-tuan-1-tru-so-chinh-phan-hieu-1/ct/79657/1408656,
thvothisauq7,Tiểu Học Võ Thị Sáu,th,phuongtanhung,regular,15,12,3,2026-09-24,https://thvothisauq7.hcm.edu.vn/thuc-don/thuc-don-ban-tru-ngay-2492026/ct/104728/1412290,
thcsnguyenhuutho,THCS Nguyễn Hữu Thọ,thcs,phuongtanhung,stale,23,0,0,2026-05-23,https://thcsnguyenhuutho.hcm.edu.vn/thuc-don/thuc-don-tuan-4-tu-25052026-den-27052026/ct/105513/751465,
thcsnguyenthithap,THCS Nguyễn Thị Thập,thcs,phuongtanhung,active,14,1,1,2026-09-10,https://thcsnguyenthithap.hcm.edu.vn/ban-tru/thuc-don-thang-092026/ct/108599/759689,
thcstranquoctuan,THCS Trần Quốc Tuấn,thcs,phuongtanhung,regular,32,15,3,2026-09-24,http://thcstranquoctuan.hcm.edu.vn/suat-an-thang-9-2026/suat-an-ban-tru-ngay-2492026/ct/111273/762355,
thtanvinhhiepa,Trường Tiểu học Tân Vĩnh Hiệp A,th,phuongtankhanh,none,0,0,0,,,
mgtacroi,Mẫu Giáo Tắc Rỗi,mn,phuongtanmy,none,0,0,0,,,
mnnamsaigon,Mầm non Nam Sài Gòn,mn,phuongtanmy,regular,15,2,2,2026-09-11,https://mnnamsaigon.hcm.edu.vn/dinh-duong-cho-be/thuc-don-cua-tre-tuan-2-thang-9-nam-2026-tu-ngay-1492026-den-ngay-1792026/ct/106575/886914,
mnnucuoi,Mầm non Nụ Cười,mn,phuongtanmy,stale,4,0,0,2026-01-07,https://mnnucuoi.hcm.edu.vn/ke-hoach-tuan-thuc-don/ke-hoach-tuan-thuc-don-tuan-05012026/ct/107804/825722,
mnphumy,Mầm non Phú Mỹ,mn,phuongtanmy,regular,19,4,2,2026-09-20,https://mnphumy.hcm.edu.vn/thuc-don/thuc-don-tuan-03-thang-9-nam-2026/ct/95057/886845,
mntanphuq7,Mầm non Tân Phú,mn,phuongtanmy,stale,56,0,0,2026-08-01,https://mntanphuq7.hcm.edu.vn/nam-hoc-2025-2026/thuc-don-he-thang-8/ct/106303/881571,
mnvuonnang,Mầm non Vườn Nắng,mn,phuongtanmy,stale,3,0,0,2026-01-07,https://mnvuonnang.hcm.edu.vn/ke-hoach-tuan-thuc-don/ke-hoach-tuan-thuc-don-tuan-05012026/ct/107813/825704,
thdinhbolinh,Trường Tiểu học Đinh Bộ Lĩnh,th,phuongtanmy,regular,17,16,3,2026-09-24,https://thdinhbolinh.hcm.edu.vn/dinh-duong/tick-xanh-trach-nhiem-suat-an-ban-tru-ngay-2492026/ct/145235/1412370,
thlevantamq7,Tiểu Học Lê Văn Tám,th,phuongtanmy,regular,32,19,4,2026-09-24,https://thlevantamq7.hcm.edu.vn/dinh-duong/thuc-don-ban-tru-ngay-2492026/ct/136884/1412425,
thphamhuulau,TH Phạm Hữu Lầu,th,phuongtanmy,regular,16,14,3,2026-09-24,http://thphamhuulau.hcm.edu.vn/thuc-don-ban-tru/thuc-don-ban-tru-ngay-24092026-theo-mo-hinh-tich-xanh-trach-nhiem/ct/136623/1412245,
thphumy,Tiểu Học Phú Mỹ,th,phuongtanmy,regular,16,15,3,2026-09-24,http://thphumy.hcm.edu.vn/thuc-don/thuc-don-ngay-2492026/ct/134682/1412228,
thcshoangquocviet,THCS Hoàng Quốc Việt,thcs,phuongtanmy,regular,16,11,4,2026-09-23,https://thcshoangquocviet.hcm.edu.vn/thuc-don-ban-tru/23092026-thuc-don-hom-nay-ca-basa-file-chien-bot-xu-cai-thia-xao-canh-chua-rau/ct/108571/760805,
thcsphamhuulau,THCS Phạm Hữu Lầu,thcs,phuongtanmy,regular,45,12,3,2026-09-24,https://thcsphamhuulau.hcm.edu.vn/nam-hoc-2026-2027/cong-khai-suat-an-minh-bach-tich-xanh-trach-nhiem-ngay-24092026/ct/111251/761015,
mnhuongduongtanphu,Mầm non Hướng Dương,mn,phuongtanphu,regular,16,3,3,2026-09-18,https://mnhuongduongtanphu.hcm.edu.vn/thuc-don-ban-tru/thuc-don-an-trong-tuan-tu-ngay-2192026-den-ngay-2592026/ct/97719/888044,
mnphuonghongtanphu,Mầm non Phượng Hồng,mn,phuongtanphu,regular,15,3,3,2026-09-17,https://mnphuonghongtanphu.hcm.edu.vn/thuc-don/thuc-don-tuan-3-thang-9/ct/98900/888609,
mnquynhanh,Mầm non Quỳnh Anh,mn,phuongtanphu,stale,15,0,0,2026-05-25,https://mnquynhanh.hcm.edu.vn/suc-khoe-dinh-duong/thuc-don-tuan-04-thang-5-nam-2026-tu-ngay-2552026-den-2752026/ct/20428/870681,
thhovancuong,Tiểu Học Hồ Văn Cường,th,phuongtanphu,regular,19,5,2,2026-09-24,http://thhovancuong.hcm.edu.vn/thuc-don-ban-tru/truong-tieu-hoc-ho-van-cuong-kinh-gui-den-quy-phu-huynh-hoc-sinh-bua-an-ban-tru/ct/134187/1412422,
thhuynhvanchinh,Tiểu Học Huỳnh Văn Chính,th,phuongtanphu,regular,15,3,2,2026-09-18,https://thhuynhvanchinh.hcm.edu.vn/thuc-don-ban-tru/truong-tieu-hoc-huynh-van-chinh-gioi-thieu-thuc-don-tuan-03-danh-cho-hoc-sinh-b/ct/134397/1410937,
thlethanhtongtanphu,Tiểu học Lê Thánh Tông,th,phuongtanphu,stale,15,0,0,2025-05-18,http://thlethanhtongtanphu.hcm.edu.vn/2024-2025/thuc-don-tuan-34-ban-tru-1952025-2352025/ct/142236/1300228,
thtanhoa,Tiểu Học Tân Hóa,th,phuongtanphu,stale,17,0,0,2026-05-22,https://thtanhoa.hcm.edu.vn/thuc-don-ban-tru/thuc-don-ban-tru-tuan-36-tu-ngay-25052026-27052026/ct/134120/1392175,
thcshoangdieu,THCS Hoàng Diệu,thcs,phuongtanphu,regular,3,3,2,2026-09-22,http://thcshoangdieu.hcm.edu.vn/gioi-thieu/thuc-don-ban-tru-tuan-3/ct/13153/760630,
thcsnguyentraitanphu,THCS Nguyễn Trãi,thcs,phuongtanphu,none,0,0,0,,,
thcsthoaingochau,THCS Thoại Ngọc Hầu,thcs,phuongtanphu,stale,1,0,0,2024-01-12,https://thcsthoaingochau.hcm.edu.vn/thuc-don-lop-ban-tru/thuc-don-tuan-19/ct/104759/638323,
mn15tanbinh,Mầm non 15,mn,phuongtanson,regular,18,14,4,2026-09-23,https://mn15tanbinh.hcm.edu.vn/thuc-don-cua-be/hinh-anh-bua-trua-cua-be-thu-tu-23092026/ct/87383/889016,
thnguyenvankip,Tiểu Học Nguyễn Văn Kịp,th,phuongtanson,regular,3,3,3,2026-09-21,https://thnguyenvankip.hcm.edu.vn/thuc-don-ban-tru/thuc-don-tuan-3-tu-ngay-219-den-ngay-259-nam-2026/ct/141939/1411065,
thphanhuyich,Tiểu học Phan Huy Ích,th,phuongtanson,regular,18,6,4,2026-09-24,https://thphanhuyich.hcm.edu.vn/hoat-dong-ban-tru/mot-so-hinh-anh-bua-an-ban-tru-ngay-24092026/ct/129658/1412330,
thtantru,Tiểu Học Tân Trụ,th,phuongtanson,regular,33,2,2,2026-09-11,http://thtantru.hcm.edu.vn/ban-tru/thuc-don-ban-tru-tuan-02-nam-hoc-2026-2027/ct/147824/1409510,
mn1tanbinh,Mầm non 1,mn,phuongtansonhoa,stale,15,0,0,2026-08-14,http://mn1tanbinh.hcm.edu.vn/thuc-don/thuc-don-truong-mam-non-1-ngay-1482026/ct/106750/883406,
mn2tanbinh,Mầm non 2,mn,phuongtansonhoa,stale,26,0,0,2025-10-31,https://mn2tanbinh.hcm.edu.vn/khau-phan-dinh-duong/thuc-don-thang-11-nam-2025-cua-cac-be/ct/92625/802419,
mn3tanbinh,Mầm non 3,mn,phuongtansonhoa,active,17,1,1,2026-08-30,http://mn3tanbinh.hcm.edu.vn/tin-tuc-su-kien/gio-an-hanh-phuc-khi-moi-bua-an-la-mot-khoanh-khac-yeu-thuong/ct/28590/884937,
mnkimdongtanbinh,Mầm non Kim Đồng,mn,phuongtansonhoa,stale,2,0,0,2023-12-27,https://mnkimdongtanbinh.hcm.edu.vn/cham-soc-nuoi-duong/moi-ban-chai-rang-sau-bua-an-trua-cua-cac-ban-lop-choi-2-4-5-tuoi/ct/81229/620959,
thbinhgia,Tiểu Học Bình Giã,th,phuongtansonhoa,stale,15,0,0,2026-05-26,https://thbinhgia.hcm.edu.vn/thuc-don/thuc-don-tuan-35b-tu-ngay-25-den-ngay-2952026/ct/127231/1393000,
thlevansi,Tiểu Học Lê Văn Sĩ,th,phuongtansonhoa,regular,15,2,2,2026-09-18,https://thlevansi.hcm.edu.vn/thuc-don-ban-tru/bo-phan-ban-tru-truong-tieu-hoc-le-van-si-gui-den-quy-cha-me-hoc-sinh-thuc-don/ct/110439/1410805,
thnguyenthanhtuyentanbinh,Tiểu Học Nguyễn Thanh Tuyền,th,phuongtansonhoa,active,16,2,1,2026-09-20,http://thnguyenthanhtuyentanbinh.hcm.edu.vn/ban-tru/thuc-don-tuan-02-nam-hoc-2026-2027-tu-2192026-den-2592026/ct/79768/1411540,
thcsngosilien,THCS Ngô Sĩ Liên,thcs,phuongtansonhoa,regular,20,5,3,2026-09-25,https://thcsngosilien.hcm.edu.vn/ban-tru/bua-an-ban-tru-truong-thcs-ngo-si-lien/ct/111297/762442,
mgbonghongtanbinh,Mẫu Giáo Bông Hồng,mn,phuongtansonnhat,none,0,0,0,,,
mn4tanbinh,Mầm non 4,mn,phuongtansonnhat,stale,18,0,0,2026-07-22,https://mn4tanbinh.hcm.edu.vn/nam-hoc-2026-2027/thuc-don-he-thang-72026/ct/110512/880681,
mn5tanbinh,Mầm non 5,mn,phuongtansonnhat,regular,14,3,3,2026-09-21,https://mn5tanbinh.hcm.edu.vn/nam-hoc-2026-2027/thuc-don-tuan-3-thang-9-nam-2026/ct/107971/889092,
mn7tanbinh,Mầm non 7,mn,phuongtansonnhat,stale,11,0,0,2025-03-07,http://mn7tanbinh.hcm.edu.vn/thuc-don/thuc-don-tuan-10032025-14032025/ct/84857/734436,
mntanbinh,Mầm non Quận,mn,phuongtansonnhat,stale,1,0,0,2022-10-09,https://mntanbinh.hcm.edu.vn/nam-hoc-2022-2023/ke-hoach-phoi-hop-giua-nha-truong-va-cha-me-hoc-sinh-ve-giam-sat-bua-an-bep-an/ct/108169/541369,
mntansonnhat,Mầm non Tân Sơn Nhất,mn,phuongtansonnhat,regular,17,3,3,2026-09-18,https://mntansonnhat.hcm.edu.vn/thuc-don-trong-tuan/thuc-don-tu-ngay-2192026-den-ngay-2592026/ct/90308/888759,
mntuoixanh,Mầm non Tuổi Xanh,mn,phuongtansonnhat,stale,16,0,0,2023-09-25,https://mntuoixanh.hcm.edu.vn/thuc-don/thuc-don-tuan-4-thang-9-nam-2023-tu-ngay-2592023-den-ngay-2992023/ct/70812/602442,
thbanhvantran,Tiểu Học Bành Văn Trân,th,phuongtansonnhat,regular,15,2,2,2026-09-14,https://thbanhvantran.hcm.edu.vn/thuc-don-ban-tru/thuc-don-tuan-2/ct/130685/1410469,
thhoangvanthutanbinh,Tiểu Học Hoàng Văn Thụ,th,phuongtansonnhat,active,1,1,1,2026-09-24,https://thhoangvanthutanbinh.hcm.edu.vn/thuc-don-tuan/thuc-don-ban-tru-ngay-24092026-truong-tieu-hoc-tan-son-nhat-co-so-chinh/ct/148113/1412263,
thphamvanhaitanbinh,Tiểu Học Phạm Văn Hai,th,phuongtansonnhat,regular,12,3,2,2026-09-18,https://thphamvanhaitanbinh.hcm.edu.vn/thuc-don/thuc-don-tuan-3/ct/129451/1410697,
thtansonnhat,Tiểu Học Tân Sơn Nhất,th,phuongtansonnhat,none,0,0,0,,,
thcsaulac,THCS Âu Lạc,thcs,phuongtansonnhat,regular,15,3,3,2026-09-18,https://thcsaulac.hcm.edu.vn/ban-tru/thuc-don-ban-tru-tu-ngay-21092026-den-26092026/ct/109214/760072,
thcstanbinh,THCS Tân Bình,thcs,phuongtansonnhat,regular,15,3,3,2026-09-18,https://thcstanbinh.hcm.edu.vn/ban-tru/thuc-don-ban-tru-tuan-3-hki-tu-21-9-den-25-9-2026/ct/109212/760499,
banmaitp,Mầm non Ban Mai,mn,phuongtansonnhi,stale,1,0,0,2024-12-14,https://banmaitp.hcm.edu.vn/nam-hoc-2024-2025/hoi-thi-bua-an-dinh-duong-danh-cho-tre-mam-non-nam-hoc-2024-2025/ct/100952/712548,
mnabctanphu,Mầm non ABC,mn,phuongtansonnhi,none,0,0,0,,,
mnaty,Mầm Non ATY,mn,phuongtansonnhi,stale,1,0,0,2015-11-11,https://mnaty.hcm.edu.vn/suc-khoe-dinh-duong/thuc-don-tuan-09112015-14112015/ct/20458/75174,
mncattuongtanphu,Mầm non Cát Tường,mn,phuongtansonnhi,stale,14,0,0,2026-04-29,http://mncattuongtanphu.hcm.edu.vn/2025-2026/truong-mam-non-cat-tuong-thuc-don-tuan-tu-ngay-4-852026/ct/106674/862545,
mnhoalantanphu,Mầm non Hoa Lan,mn,phuongtansonnhi,stale,15,0,0,2026-05-16,https://mnhoalantanphu.hcm.edu.vn/thuc-don-cho-tre/thuc-don-tuan-3-thang-52026-1852026-2252026/ct/99275/869042,
mnmisatanphu,Mầm non Misa,mn,phuongtansonnhi,regular,15,6,3,2026-09-21,https://mnmisatanphu.hcm.edu.vn/thuc-don-cho-tre/thuc-don-nha-tre-tuan-tu-ngay-21092026-den-ngay-26092026/ct/102074/888437,
mnthuytientanphu,Mầm non Thủy Tiên,mn,phuongtansonnhi,regular,31,2,2,2026-09-21,https://mnthuytientanphu.hcm.edu.vn/nam-hoc-2026-2027/thuc-don-tuan-tu-ngay-2192026-den-2592026/ct/110996/888168,
thdinhbolinhtp,TH Đinh Bộ Lĩnh,th,phuongtansonnhi,regular,18,4,2,2026-09-18,https://thdinhbolinhtp.hcm.edu.vn/cong-khai/truong-tieu-hoc-dinh-bo-linh-kinh-gui-quy-thay-co-quy-cha-me-hoc-sinh-thuc-don/ct/134086/1410776,
thdoanthidiemtanphu,Tiểu Học Đoàn Thị Điểm,th,phuongtansonnhi,regular,23,9,4,2026-09-23,http://thdoanthidiemtanphu.hcm.edu.vn/bua-an-dinh-duong-hoc-duong/phoi-hop-nang-cao-chat-luong-bua-an-ban-tru-cho-hoc-sinh/ct/134239/1412059,
thtansonnhi,Tiểu Học Tân Sơn Nhì,th,phuongtansonnhi,regular,38,7,2,2026-09-24,https://thtansonnhi.hcm.edu.vn/thuc-don-ban-tru-2026-2027/bua-an-ban-tru-thu-nam-24092026/ct/147835/1412287,
thcsdangtrancon,THCS Đặng Trần Côn,thcs,phuongtansonnhi,regular,16,3,3,2026-09-19,https://thcsdangtrancon.hcm.edu.vn/ban-tru/truong-thcs-dang-tran-con-thuc-don-an-trua-tuan-03-hki-nam-hoc-2026-2027/ct/104412/760426,
thcstonthattungtanphu,THCS Tôn Thất Tùng,thcs,phuongtansonnhi,stale,15,0,0,2026-05-18,https://thcstonthattungtanphu.hcm.edu.vn/thuc-don-ban-tru/kinh-gui-quy-thay-co-quy-cha-me-hoc-sinh-thuc-don-ban-tru-tu-ngay-18052026-den/ct/104368/750879,
thcstranquangkhaitanphu,THCS Trần Quang Khải,thcs,phuongtansonnhi,none,0,0,0,,,
mncatdangbt,Mầm non Cát Đằng,mn,phuongtantao,stale,14,0,0,2025-09-25,https://mncatdangbt.hcm.edu.vn/thuc-don/thuc-don-thang-9-nam-2025/ct/101467/784485,
mnhongngoc,Mầm non Hồng Ngọc,mn,phuongtantao,stale,3,0,0,2026-01-05,https://mnhongngoc.hcm.edu.vn/cong-tac-cham-soc-nuoi-duong/thuc-don-tuan-tu-ngay-05012026-den-ngay-10012026/ct/84536/824729,
mntantao,Mầm non Tân Tạo,mn,phuongtantao,stale,15,0,0,2026-04-24,https://mntantao.hcm.edu.vn/thuc-don-ban-tru/thuc-don-tuan-tu-ngay-2842026-den-ngay-2942026/ct/107199/860944,
mntantao1,Trường MN Tân Tạo 1,mn,phuongtantao,stale,1,0,0,2025-12-29,https://mntantao1.hcm.edu.vn/hoat-dong-doan-the/to-chuc-cho-cha-me-tre-tham-quan-bep-an-tap-the-va-tham-du-bua-an-cua-tre/ct/106233/824242,
mntantaoa,MN Tân Tạo A,mn,phuongtantao,stale,1,0,0,2024-11-10,https://mntantaoa.hcm.edu.vn/thuc-don/thuc-don-tuan-2-thang-11/ct/101446/701799,
mnthientue,Mầm non Thiên Tuế,mn,phuongtantao,regular,16,3,3,2026-09-20,https://mnthientue.hcm.edu.vn/ban-tru/thuc-don-tuan-tu-ngay-2192026-den-2692026/ct/101490/888375,
thbinhtan,Tiểu Học Bình Tân,th,phuongtantao,active,1,1,1,2026-09-16,https://thbinhtan.hcm.edu.vn/thong-tin-tuyen-truyen/hinh-anh-suat-an-trua-va-an-xe-cua-ngay-15-va-16-thang-9-nam-2026/ct/110659/1410325,
thlequydonbt,Tiểu học Lê Quý Đôn,th,phuongtantao,regular,6,5,2,2026-09-23,https://thlequydonbt.hcm.edu.vn/tin-tuc-nha-truong/hinh-anh-thuc-don-ban-tru-ngay-229226/ct/61896/1411900,
thtantaoa,Tiểu Học Tân Tạo A,th,phuongtantao,stale,1,0,0,2025-09-04,https://thtantaoa.hcm.edu.vn/gioi-thieu/thuc-don-thang-092025/ct/24479/1315451,
thcstantaoa,THCS Tân Tạo A,thcs,phuongtantao,active,1,1,1,2026-09-07,https://thcstantaoa.hcm.edu.vn/3-cong-khai/thuc-don-ban-tru-thang-9-nam-hoc-2026-2027/ct/92211/758685,
mghoami2q12,Trường Mầm non Hoạ Mi 2,mn,phuongtanthoihiep,active,15,2,1,2026-09-21,https://mghoami2q12.hcm.edu.vn/thuc-don-cua-be/thuc-don-cua-be-tuan-04-thang-9-nam-2026/ct/76593/888572,
mnhoadao12,Mầm non Hoa Đào,mn,phuongtanthoihiep,stale,2,0,0,2026-05-11,https://mnhoadao12.hcm.edu.vn/suc-khoe-dinh-duong/cha-me-chu-dong-bua-an-an-toan-cho-tre/ct/77170/867203,
mnhoaphonglanq12,Mầm non Hoa Phong Lan,mn,phuongtanthoihiep,stale,30,0,0,2026-05-26,https://mnhoaphonglanq12.hcm.edu.vn/thuc-don-hang-tuan/thuc-don-tuan-4-thang-5-nam-2026/ct/107410/870966,
mnsaomai2q12,Mầm non Sao Mai 2,mn,phuongtanthoihiep,stale,23,0,0,2026-04-27,https://mnsaomai2q12.hcm.edu.vn/thuc-don-tuan/thuc-don-tuan-5-thang-42026/ct/103408/861500,
mnsonca6,Mầm non Sơn Ca 6,mn,phuongtanthoihiep,regular,16,3,3,2026-09-21,http://mnsonca6.hcm.edu.vn/thuc-don-hang-tuan/thuc-don-cua-be-tu-ngay-219-den-2592026/ct/103378/888371,
mnvanganhq12,Mầm non Vàng Anh,mn,phuongtanthoihiep,stale,30,0,0,2026-05-22,https://mnvanganhq12.hcm.edu.vn/thuc-don-hang-ngay-cua-tre-em/thuc-don-tuan-4-thang-5-tu-ngay-2552026-2752026/ct/106682/869807,
thlevantho,Tiểu Học Lê Văn Thọ,th,phuongtanthoihiep,none,0,0,0,,,
thnguyenthaibinhq12,Tiểu Học Nguyễn Thái Bình,th,phuongtanthoihiep,stale,15,0,0,2017-09-21,https://thnguyenthaibinhq12.hcm.edu.vn/ban-tru/thuc-don-thang-9-2017/ct/69249/219973,
thnguyentrai,Tiểu Học Nguyễn Trãi,th,phuongtanthoihiep,none,0,0,0,,,
thvothisauq12,Tiểu học Võ Thị Sáu,th,phuongtanthoihiep,regular,16,3,3,2026-09-20,http://thvothisauq12.hcm.edu.vn/y-te/thuc-don-tuan-tu-21092026-02102026/ct/64197/1410972,
thcsnguyenchithanh,THCS Nguyễn Chí Thanh,thcs,phuongtanthoihiep,active,10,1,1,2026-08-24,https://thcsnguyenchithanh.hcm.edu.vn/thong-bao/thong-bao-ve-viec-moi-bao-gia-cung-cap-dich-vu-suat-an-ban-tru-nam-hoc-2026-202/ct/97753/757794,
thcsnguyenhienq12,THCS Nguyễn Hiền,thcs,phuongtanthoihiep,none,0,0,0,,,
thcsnguyenhueq12,THCS Nguyễn Huệ,thcs,phuongtanthoihiep,none,0,0,0,,,
mn19thang5q7,Mầm non 19-5 Quận 7,mn,phuongtanthuan,active,25,12,1,2026-09-23,https://mn19thang5q7.hcm.edu.vn/thuc-don-cua-be/thuc-don-ngay-23-thang-09-nam-2026/ct/97111/889043,
mnbinhthuanq7,Mầm non Bình Thuận,mn,phuongtanthuan,stale,14,0,0,2026-05-12,https://mnbinhthuanq7.hcm.edu.vn/cong-khai/thuc-don-cua-tre-thang-5-tuan-2-nam-2026/ct/99838/866308,
mnkhuchexuattanthuan,MN Khu chế xuất Tân Thuận,mn,phuongtanthuan,regular,27,2,2,2026-09-14,https://mnkhuchexuattanthuan.hcm.edu.vn/thuc-don/thuc-don-tuan-1409-den-18092026/ct/93799/887510,
mntanthuantayq7,MN Tân Thuận Tây,mn,phuongtanthuan,stale,16,0,0,2026-05-25,https://mntanthuantayq7.hcm.edu.vn/hoat-dong-cham-soc-nuoi-duong/thuc-don-tuan-cua-tre-than-52026/ct/91352/870876,
thdangthuytram,Tiểu Học Đặng Thùy Trâm,th,phuongtanthuan,stale,15,0,0,2026-04-18,http://thdangthuytram.hcm.edu.vn/thuc-don-thang/thuc-don-tu-2004-den-24042026/ct/106015/1378081,
thkimdongq7,Tiểu Học Kim Đồng,th,phuongtanthuan,active,15,1,1,2026-09-10,http://thkimdongq7.hcm.edu.vn/thuc-don-ban-tru/thuc-don-ban-tru-thang-92026/ct/138338/1410182,
thnguyenthidinhq7,Tiểu Học Nguyễn Thị Định,th,phuongtanthuan,regular,18,18,3,2026-09-24,https://thnguyenthidinhq7.hcm.edu.vn/hinh-anh-suat-an/hinh-anh-suat-an-ban-tru-ngay-24092026/ct/147881/1412421,
thcshuynhtanphat,THCS Huỳnh Tấn Phát,thcs,phuongtanthuan,active,4,1,1,2026-09-08,http://thcshuynhtanphat.hcm.edu.vn/thong-bao/thuc-don-ban-tru-thang-9-2026/ct/60716/758954,
thcsnguyenhienq7,THCS Nguyễn Hiền,thcs,phuongtanthuan,active,5,1,1,2026-09-16,https://thcsnguyenhienq7.hcm.edu.vn/ban-tru/thuc-don-ban-tru-thang-092026/ct/105510/759890,
thtanlap-tanuyen,Trường Tiểu Học Tân Lập,th,phuongtanuyen,none,0,0,0,,,
mnhoahongtanphu,Mầm non Hoa Hồng,mn,phuongtaythanh,regular,33,3,3,2026-09-19,https://mnhoahongtanphu.hcm.edu.vn/co-cau-to-chuc/thuc-don-tuan-4-thang-9-tu-ngay-2192026-den-2592026/ct/94924/888941,
mnthienantanphu,Mầm non Thiên Ân,mn,phuongtaythanh,regular,19,3,3,2026-09-21,https://mnthienantanphu.hcm.edu.vn/cham-soc/thuc-don-tu-ngay-21092026-25092026/ct/95231/888530,
thlelai,Tiểu Học Lê Lai,th,phuongtaythanh,active,17,1,1,2026-09-06,https://thlelai.hcm.edu.vn/thuc-don-ban-tru/truong-tieu-hoc-le-lai-kinh-goi-quy-thay-co-quy-cha-me-hoc-sinh-thuc-don-ban-tr/ct/134433/1408230,
thcsleloitanphu,THCS Lê Lợi,thcs,phuongtaythanh,none,0,0,0,,,
mn21binhthanh,Mầm non 21,mn,phuongthanhmytay,stale,11,0,0,2026-08-07,https://mn21binhthanh.hcm.edu.vn/suc-khoe-dinh-duong/thuc-don-ban-tru-tu-ngay-108-den-ngay-1482026/ct/28429/882732,
mncuulong,Trường Mầm Non Cửu Long,mn,phuongthanhmytay,stale,18,0,0,2026-08-10,https://mncuulong.hcm.edu.vn/suc-khoe-dinh-duong/thuc-don-tuan-028/ct/28333/883017,
mnmyduc,Mầm non Mỹ Đức,mn,phuongthanhmytay,stale,4,0,0,2025-02-14,https://mnmyduc.hcm.edu.vn/bai-giang-giao-an/bua-an-tu-chon-cua-be-lop-la/ct/31840/728325,
mntmt,TRƯỜNG MN THẠNH MỸ TÂY,mn,phuongthanhmytay,stale,41,0,0,2026-08-07,https://mntmt.hcm.edu.vn/hoat-dong-cham-soc-suc-khoe/thuc-don-tuan-5-he-ca-2-1082026-1382026/ct/101697/882764,
thcuulong,Tiểu Học Cửu Long,th,phuongthanhmytay,regular,16,3,3,2026-09-25,https://thcuulong.hcm.edu.vn/ban-tru/thuc-don-tuan-4-tu-ngay-2809-den-02102026/ct/77001/1412468,
thdongdabinhthanh,Tiểu Học Đống Đa,th,phuongthanhmytay,regular,37,8,2,2026-09-18,http://thdongdabinhthanh.hcm.edu.vn/thuc-don/thuc-don-ban-tru-tuan-04-thang-9-tu-219-den-2592026/ct/129521/1410647,
thphudongtmt,Tiểu Học Phù Đổng,th,phuongthanhmytay,regular,32,3,3,2026-09-21,https://thphudongtmt.hcm.edu.vn/nam-hoc-2026-2027/thuc-don-ban-tru-ngay-2192026-den-2592026-nam-2026/ct/147838/1411062,
ththanhmytay,Tiểu Học Thạnh Mỹ Tây,th,phuongthanhmytay,active,3,2,1,2026-09-19,http://ththanhmytay.hcm.edu.vn/cong-khai-2026-2027/thuc-don-tuan-3-tu-219-den-2592026/ct/147907/1410870,
thcscuulong,THCS Cửu Long,thcs,phuongthanhmytay,none,0,0,0,,,
thcsdongda,THCS Đống Đa,thcs,phuongthanhmytay,stale,15,0,0,2026-03-31,https://thcsdongda.hcm.edu.vn/thuc-don/thuc-don-thang-42026/ct/94424/745553,
thcsphumy,THCS Phú Mỹ,thcs,phuongthanhmytay,stale,1,0,0,2025-08-21,https://thcsphumy.hcm.edu.vn/thong-tin/thong-cao-nhu-cau-cung-cap-dich-vu-suat-an-cong-nghiep-phuc-vu-cong-tac-ban-tru/ct/103461/713198,
mnhoadoquyenq12,Mầm non Hoa Đỗ Quyên,mn,phuongthoian,stale,11,0,0,2026-05-12,http://mnhoadoquyenq12.hcm.edu.vn/hoat-dong-cham-soc-nuoi-duong/thuc-don-tuan-252026/ct/87543/866217,
mnhoami1q12,Mầm non Hoạ Mi 1,mn,phuongthoian,regular,20,3,3,2026-09-18,https://mnhoami1q12.hcm.edu.vn/thuc-don-tuan-nam-hoc-2026-2027/thuc-don-tuan-04-tu-ngay-2192026-den-ngay-2592026/ct/111156/887986,
mnhongyen,Mầm non Hồng Yến,mn,phuongthoian,regular,15,3,3,2026-09-18,https://mnhongyen.hcm.edu.vn/thuc-don-tuan/thuc-don-tuan-3-thang-92026/ct/76845/888106,
mnmaivangq12,Mầm non Mai Vàng,mn,phuongthoian,stale,8,0,0,2025-10-01,https://mnmaivangq12.hcm.edu.vn/thuc-don-tuan/thuc-don-tuan-thang-10-2025/ct/103531/798695,
mnsonca2q12,Mầm non Sơn Ca 2,mn,phuongthoian,stale,7,0,0,2018-03-29,https://mnsonca2q12.hcm.edu.vn/thuc-don-cho-tre-beo-phi/tre-beo-phi-co-nen-uong-sua-nua-khong/ct/76769/278662,
mnsonca9,Mầm non Sơn Ca 9,mn,phuongthoian,stale,18,0,0,2026-04-13,https://mnsonca9.hcm.edu.vn/thuc-don-cua-be/thuc-don-tuan-3-thang-4-nam-2026-tu-ngay-1342026-den-ngay-1742026/ct/90803/857090,
thkimdongq12,Tiểu Học Kim Đồng,th,phuongthoian,none,0,0,0,,,
thnguyenvanthe,Tiểu Học Nguyễn Văn Thệ,th,phuongthoian,none,0,0,0,,,
thquoixuan,Tiểu Học Quới Xuân,th,phuongthoian,stale,12,0,0,2020-11-01,https://thquoixuan.hcm.edu.vn/ban-tru/thuc-don-thang-11-nh-2020-2021/ct/78650/596486,
thtranquoctoanq12,Tiểu học Trần Quốc Toản,th,phuongthoian,active,15,1,1,2026-09-20,https://thtranquoctoanq12.hcm.edu.vn/cong-tac-ban-tru/cong-khai-hinh-anh-suat-an-va-nguon-cung-ung-thuc-pham-tuan-3-2192026-2592026/ct/133200/1410958,
thcsluongthevinhq12,THCS Lương Thế Vinh,thcs,phuongthoian,none,0,0,0,,,
thcsnguyentrungtruc,THCS Nguyễn Trung Trực,thcs,phuongthoian,none,0,0,0,,,
thcstongocvanq12,THCS Tô Ngọc Vân,thcs,phuongthoian,none,0,0,0,,,
mnhanhthongtay,Mầm non Hạnh Thông Tây,mn,phuongthongtayhoi,none,0,0,0,,,
mnhuongsengovap,Mầm non Hương Sen,mn,phuongthongtayhoi,stale,29,0,0,2026-08-07,https://mnhuongsengovap.hcm.edu.vn/thuc-don-tuan/thuc-don-tuan-tu-ngay-1082026-den-1482026/ct/84604/882812,
mnvanganhgovap,Mầm non Vàng Anh,mn,phuongthongtayhoi,regular,16,3,3,2026-09-18,http://mnvanganhgovap.hcm.edu.vn/thuc-don-tuan/thuc-don-tuan-tu-ngay-2192026-den-ngay-2592026/ct/91293/887932,
thanhoi,Tiểu Học An Hội,th,phuongthongtayhoi,regular,19,3,2,2026-09-20,https://thanhoi.hcm.edu.vn/thuc-don/thuc-don-tuan-3-thang-9-tu-21092026-den-25092026/ct/142546/1411707,
thchilanggovap,Tiểu Học Chi Lăng,th,phuongthongtayhoi,none,0,0,0,,,
thluongthevinhgovap,Tiểu Học Lương Thế Vinh,th,phuongthongtayhoi,none,0,0,0,,,
thnguyenthiminhkhaigovap,Tiểu học Nguyễn Thị Minh Khai,th,phuongthongtayhoi,regular,6,6,2,2026-09-23,https://thnguyenthiminhkhaigovap.hcm.edu.vn/tin-nha-truong/thuc-don-ngay-23-9/ct/35019/1412015,
th-thcsvietmygovap,TH-THCS Việt Mỹ,thcs,phuongthongtayhoi,none,0,0,0,,,
thcsnguyendugovap,THCS Nguyễn Du,thcs,phuongthongtayhoi,stale,17,0,0,2026-01-26,https://thcsnguyendugovap.hcm.edu.vn/y-te/tang-cuong-quan-ly-bua-an-hoc-duong-va-ve-sinh-moi-truong-hoc-duong-tai-cac-co/ct/82724/737378,
thcsphamvanchieu,THCS Phạm Văn Chiêu,thcs,phuongthongtayhoi,none,0,0,0,,,
thcsthongtayhoi,THCS Thông Tây Hội,thcs,phuongthongtayhoi,none,0,0,0,,,
mamnonthuanan,Trường Mầm non Thuận An,mn,phuongthuanan,none,0,0,0,,,
thhungdinh,Trường Tiểu học Hưng Định,th,phuongthuanan,none,0,0,0,,,
thlytutrong-thuanan,Trường Tiểu học Lý Tự Trọng,th,phuongthuanan,none,0,0,0,,,
ththuanan,Tiểu học Thuận An,th,phuongthuanan,active,2,2,1,2026-09-14,https://ththuanan.hcm.edu.vn/cong-tac-ban-tru/thuc-don-tuan-2/ct/147948/1409842,
thbinhchuan,Trường Tiểu học Bình Chuẩn,th,phuongthuangiao,regular,12,3,2,2026-09-20,https://thbinhchuan.hcm.edu.vn/nam-hoc-2026-2027/thuc-don-ban-tru-tuan-3-219-2592026/ct/147877/1411522,
thbinhchuan3,Trường Tiểu học Bình Chuẩn 3,th,phuongthuangiao,none,0,0,0,,,
thbinhquoi-thuangiao,Trường TH Bình Quới,th,phuongthuangiao,none,0,0,0,,,
ththuangiao,Trường Tiểu học Thuận Giao,th,phuongthuangiao,none,0,0,0,,,
ththuangiao2,Trường Tiểu học Thuận Giao 2,th,phuongthuangiao,none,0,0,0,,,
tieuhocbinhquoi,Trường Tiểu học Bình Quới,th,phuongthuangiao,none,0,0,0,,,
mnbinhtho,Mầm non Bình Thọ,mn,phuongthuduc,none,0,0,0,,,
mnhonganthuduc,Mầm non Hồng Ân,mn,phuongthuduc,none,0,0,0,,,
mnsaovang,Trường Mầm non Sao Vàng,mn,phuongthuduc,stale,2,0,0,2020-09-09,https://mnsaovang.hcm.edu.vn/suc-khoe-dinh-duong/thuc-don-cua-be/ct/87117/442521,
mntruongtho,Mầm non Trường Thọ,mn,phuongthuduc,none,0,0,0,,,
mnvanhkhuyenthuduc,Trường Mầm non Vành Khuyên 3,mn,phuongthuduc,regular,29,4,4,2026-09-24,https://mnvanhkhuyenthuduc.hcm.edu.vn/cong-khai/thuc-don-tuan-5-thang-9-nam-2026/ct/101197/889204,
thlinhchieu,Tiểu học Linh Chiểu,th,phuongthuduc,regular,32,17,4,2026-09-24,https://thlinhchieu.hcm.edu.vn/bua-an-hang-ngay/bua-an-hang-ngay/ct/142636/1412433,
thluongthevinhthuduc,Tiểu Học Lương Thế Vinh,th,phuongthuduc,stale,2,0,0,2023-01-30,https://thluongthevinhthuduc.hcm.edu.vn/y-te-hoc-duong/thuc-hien-du-an-bua-an-hoc-duong-tai-truong-tieu-hoc-luong-the-vinh/ct/78976/1098836,
thnguyentrungtruc,Tiểu học Nguyễn Trung Trực,th,phuongthuduc,regular,9,4,3,2026-09-20,http://thnguyentrungtruc.hcm.edu.vn/thuc-don-ban-tru/thuc-don-ban-tru-tuan-3-tu-ngay-2192026-den-ngay-2592026/ct/141885/1410961,
thnguyenvanbanh,Tiểu Học Nguyễn Văn Banh,th,phuongthuduc,none,0,0,0,,,
thtuduc,Tiểu Học Từ Đức,th,phuongthuduc,regular,30,3,2,2026-09-24,https://thtuduc.hcm.edu.vn/thuc-don-ban-tru/thuc-don-tuan-4-2892026-02102026/ct/84524/1412250,
thcsbinhtho,THCS Bình Thọ,thcs,phuongthuduc,regular,27,17,3,2026-09-24,https://thcsbinhtho.hcm.edu.vn/thuc-don/bang-thuc-don-tuan-tu-ngay-28092026-den-ngay-02102026/ct/107389/762359,
thcslequydonthuduc,THCS Lê Qúy Đôn,thcs,phuongthuduc,none,0,0,0,,,
thcslevanviet,THCS Lê Văn Việt,thcs,phuongthuduc,none,0,0,0,,,
thcstruongtho,THCS Trường Thọ,thcs,phuongthuduc,regular,16,3,3,2026-09-21,https://thcstruongtho.hcm.edu.vn/thuc-don-ban-tru/thuc-don-ban-tru-tuan-04-2109-25092026-truong-thcs-truong-tho/ct/107724/760405,
thcstruongvanngu,THCS Trương Văn Ngư,thcs,phuongthuduc,stale,10,0,0,2024-12-06,https://thcstruongvanngu.hcm.edu.vn/thuc-don-ban-tru/td-tuan-2-t12-dang-web/ct/107409/682454,
mnsonca4q12,Mầm non Sơn Ca 4,mn,phuongtrungmytay,stale,15,0,0,2026-05-18,https://mnsonca4q12.hcm.edu.vn/thuc-don-tuan/thuc-don-tuan-tu-1852026-den-2252026/ct/110157/868168,
mnsonca5q12,Mầm non Sơn Ca 5,mn,phuongtrungmytay,regular,16,3,3,2026-09-21,https://mnsonca5q12.hcm.edu.vn/suc-khoe-dinh-duong/thuc-don-cua-be-tu-ngay-2192026-den-ngay-2592026/ct/30121/888440,
thhovanthanh,Tiểu Học Hồ Văn Thanh,th,phuongtrungmytay,none,0,0,0,,,
thquangtrung,Tiểu Học Quang Trung,th,phuongtrungmytay,none,0,0,0,,,
thtranqgcoq12,Tiểu Học Trần Quang Cơ,th,phuongtrungmytay,none,0,0,0,,,
thvietau,Tiểu học Việt Âu,th,phuongtrungmytay,none,0,0,0,,,
thvovantanq12,Tiểu Học Võ Văn Tần,th,phuongtrungmytay,none,0,0,0,,,
thcsnguyenanninh,THCS Nguyễn An Ninh,thcs,phuongtrungmytay,none,0,0,0,,,
thcstranquangkhaiq12,THCS Trần Quang Khải,thcs,phuongtrungmytay,none,0,0,0,,,
mnvietmy-vungtau,Trường Mầm non Việt Mỹ,mn,phuongvungtau,none,0,0,0,,,
thvietanh-vungtau,Tiểu học Việt Anh,th,phuongvungtau,none,0,0,0,,,
thcsvungtau,Trường THCS Vũng Tàu,thcs,phuongvungtau,none,0,0,0,,,
mnanhduong-vuonlai,Mầm non Phường 9,mn,phuongvuonlai,stale,15,0,0,2026-05-25,https://mnanhduong-vuonlai.hcm.edu.vn/thuc-don-cua-be/thuc-don-tuan-tu-ngay-2552026-den-ngay-2852026/ct/69853/870628,
mnmangnon3,Mầm non Măng Non III,mn,phuongvuonlai,stale,18,0,0,2026-08-20,https://mnmangnon3.hcm.edu.vn/thang-9-nam-2025/thuc-don-nha-tre-thang-9-nam-2025/ct/111030/883938,
mnnangxanh,Mầm non Phường 3,mn,phuongvuonlai,stale,25,0,0,2026-08-12,https://mnnangxanh.hcm.edu.vn/thong-tin-ve-ket-qua-thuc-hien-nuoi-duong-cham-soc-giao-duc-tre-em/thuc-don-tuan-cua-tre-tu-ngay-1082026-den-ngay-1482026/ct/110601/883207,
mnsaomai-vuonlai,Mầm non Phường 1,mn,phuongvuonlai,stale,48,0,0,2026-07-19,https://mnsaomai-vuonlai.hcm.edu.vn/thuc-don-cua-be/thuc-don-tuan-cua-be-tu-ngay-2072026-den-2472026/ct/99948/880159,
mntuoitho-vuonlai,Mầm non Phường 2,mn,phuongvuonlai,stale,15,0,0,2026-05-21,https://mntuoitho-vuonlai.hcm.edu.vn/thuc-don/thuc-don-tuan-tu-ngay-2552026-2952026/ct/88491/869659,
thdienbien,Tiểu Học Điện Biên,th,phuongvuonlai,stale,36,0,0,2026-03-23,https://thdienbien.hcm.edu.vn/nam-hoc-2025-2026/thuc-don-tuan-27-tuan-le-tu-ngay-2332026-den-ngay-2732026/ct/141837/1369149,
thhothiky,Tiểu Học Hồ Thị Kỷ,th,phuongvuonlai,none,0,0,0,,,
thnhattaoq10,Tiểu Học Nhật Tảo,th,phuongvuonlai,stale,12,0,0,2026-02-25,https://thnhattaoq10.hcm.edu.vn/chuyen-de-giao-duc/thuc-don-ban-tru-tuan-23-tu-ngay-2302-27022026/ct/31504/1368605,
thtrannhantonq10,Tiểu Học Trần Nhân Tôn,th,phuongvuonlai,stale,1,0,0,2026-04-10,https://thtrannhantonq10.hcm.edu.vn/hoat-dong-chuyen-mon/truong-tieu-hoc-tran-nhan-ton-to-chuc-hoat-dong-bua-an-am-ap-cung-con-nam-hoc-2/ct/31647/1381380,
thtranqgcoq10,Tiểu học Trần Quang Cơ,th,phuongvuonlai,stale,13,0,0,2024-11-26,https://thtranqgcoq10.hcm.edu.vn/thuc-don-ban-tru/thuc-don-ban-tru-sang-va-trua-thang-12-nam-hoc-2024-2025/ct/139933/1257599,
thtruongdinhq10,Tiểu Học Trương Định,th,phuongvuonlai,regular,4,4,2,2026-09-24,http://thtruongdinhq10.hcm.edu.vn/thuc-don/thuc-don-thu-5-ngay-2492026/ct/148109/1412210,
thcshoangvanthu,THCS Hoàng Văn Thụ,thcs,phuongvuonlai,regular,9,3,3,2026-09-21,https://thcshoangvanthu.hcm.edu.vn/bieu-mau/thuc-don-ban-tru-tu-2109-den-25092026/ct/94128/760409,
mn12q4,Mầm non 12 Quận 4,mn,phuongxomchieu,regular,13,3,2,2026-09-18,https://mn12q4.hcm.edu.vn/suc-khoe-dinh-duong/thuc-don-tuan-3-tu-ngay-2192026-den-ngay-2592026/ct/28195/887994,
mn15q4,Mầm non 15 Quận 4,mn,phuongxomchieu,none,0,0,0,,,
mnbanmai,Mầm non Ban Mai,mn,phuongxomchieu,regular,15,3,2,2026-09-22,https://mnbanmai.hcm.edu.vn/thuc-don/kinh-moi-quy-phu-huynh-cung-theo-doi-thuc-don-tuan-cua-be-tu-ngay-2109-den-2509/ct/101817/888854,
mnbcsaomai13,"Trường​ Mầm non Sao Mai 13, Phường Xóm Chiếu",mn,phuongxomchieu,none,0,0,0,,,
mnsaomai12q4,Mầm non Sao Mai 12,mn,phuongxomchieu,stale,11,0,0,2026-06-12,https://mnsaomai12q4.hcm.edu.vn/cong-khai-vbpl-thong-bao/thuc-don-thang-62026/ct/15918/874105,
thbachdangq4,Tiểu Học Bạch Đằng,th,phuongxomchieu,stale,1,0,0,2025-09-06,https://thbachdangq4.hcm.edu.vn/cong-khai-khac-theo-quy-dinh/quyet-dinh-phe-duyet-kq-lcnt-trong-truong-hop-dac-biet-goi-thau-cung-cap-bua-an/ct/138249/1317880,
thbencang,Tiểu Học Bến Cảng,th,phuongxomchieu,none,0,0,0,,,
thdinhbolinhq4,Trường Tiểu học Đinh Bộ Lĩnh,th,phuongxomchieu,none,0,0,0,,,
thnguyenthaibinhq4,Tiểu Học NGUYỄN THÁI BÌNH,th,phuongxomchieu,active,2,1,1,2026-09-16,http://thnguyenthaibinhq4.hcm.edu.vn/nam-hoc-2026-2027/cv-127-ve-viec-yeu-cau-gui-bao-gia-suat-an-bt-nuoc-uong-tbbt-nh-26-27/ct/147987/1410275,
thnguyentruongto,Tiểu Học Nguyễn Trường Tộ,th,phuongxomchieu,stale,15,0,0,2021-05-03,http://thnguyentruongto.hcm.edu.vn/cong-tac-ban-tru/thuc-don-thang-52021/ct/79612/881403,
thxomchieu,Tiểu Học Xóm Chiếu,th,phuongxomchieu,stale,15,0,0,2026-01-03,https://thxomchieu.hcm.edu.vn/thong-tin-ban-tru/thuc-don-tuan-18-tu-ngay-05012026-den-ngay-09012026/ct/21621/1352309,
thcskhanhhoi,THCS Khánh Hội,thcs,phuongxomchieu,stale,2,0,0,2026-05-07,https://thcskhanhhoi.hcm.edu.vn/tin-tuc-su-kien/thuc-don-thang-52026/ct/12020/749633,
thcstangbatho,Trường Trung Học Cơ Sở TĂNG BẠT HỔ,thcs,phuongxomchieu,stale,1,0,0,2025-09-03,https://thcstangbatho.hcm.edu.vn/cong-khai/cong-khai-ket-qua-lua-chon-nha-thau-du-toan-mua-sam-dich-vu-cung-cap-suat-an-ba/ct/110322/736917,
thcsvandon,THCS Vân Đồn,thcs,phuongxomchieu,none,0,0,0,,,
mgmaianhq3,TRƯỜNG MẪU GIÁO MAI ANH,mn,phuongxuanhoa,stale,6,0,0,2025-12-25,https://mgmaianhq3.hcm.edu.vn/giao-duc-ky-nang-song/kns-phep-lich-su-trong-bua-an/ct/27926/822083,
mn6q3,Mầm non 6,mn,phuongxuanhoa,regular,18,4,2,2026-09-15,https://mn6q3.hcm.edu.vn/thuc-don/mn6pxhthuc-don-nhom-19-72-thang-tuan-2-thang-92026/ct/47496/887440,
mn7q3,Mầm non 7,mn,phuongxuanhoa,stale,15,0,0,2023-09-17,https://mn7q3.hcm.edu.vn/thuc-don/thuc-don-tuan-3-thang-9-nam-2023-tu-1892023-den-2292023/ct/45773/595491,
mn8-xuanhoa,Mầm non 8,mn,phuongxuanhoa,stale,18,0,0,2025-12-01,http://mn8-xuanhoa.hcm.edu.vn/thuc-don/truong-mam-non-8-thuc-don-tuan-1-thang-12-nam-2025/ct/46070/813086,
mnhoamaiq3,Mầm non Hoa Mai,mn,phuongxuanhoa,regular,15,3,3,2026-09-18,https://mnhoamaiq3.hcm.edu.vn/thuc-don-tuan/thuc-don-tong-hop-tuan-4-thang-9-nam-2026/ct/46016/888118,
mnsuongmaiq3,Mầm non Sương Mai,mn,phuongxuanhoa,none,0,0,0,,,
mnthienphuoc,Mầm non tư thục Thiên Phước,mn,phuongxuanhoa,none,0,0,0,,,
mntreemtoancaumgk,Mầm non Trẻ Em Toàn Cầu,mn,phuongxuanhoa,none,0,0,0,,,
mntuoitho7,Mầm non Tuổi Thơ 7,mn,phuongxuanhoa,stale,21,0,0,2026-08-07,https://mntuoitho7.hcm.edu.vn/thuc-don/ke-hoach-thuc-don-tuan-le-tu-1082026-1482026/ct/34577/882754,
mntuoitho8,Mầm Non Tuổi Thơ 8,mn,phuongxuanhoa,regular,30,4,3,2026-09-23,https://mntuoitho8.hcm.edu.vn/thuc-don-tuan-cua-be/thuc-don-tuan-le-tu-2892026-den-ngay-02102026-cua-cac-be/ct/45617/889064,
mnxuanhoa,Mầm non Xuân Hòa,mn,phuongxuanhoa,stale,15,0,0,2026-08-03,https://mnxuanhoa.hcm.edu.vn/suc-khoe-dinh-duong-thuc-don/thuc-don-thang-8/ct/90863/883131,
thmelinh,Tiểu Học Mê Linh,th,phuongxuanhoa,stale,15,0,0,2026-05-28,https://thmelinh.hcm.edu.vn/thuc-don-ban-tru/thuc-don-thang-5-tuan-4-tu-ngay-2552026-den-ngay-2752026/ct/59963/1393544,
thnguyenthaison,Tiểu Học Nguyễn Thái Sơn,th,phuongxuanhoa,regular,19,6,3,2026-09-20,https://thnguyenthaison.hcm.edu.vn/hoat-dong-ban-tru/thuc-don-ban-tru-tuan-le-tu-219-den-2592026/ct/129789/1410938,
thnguyenthanhtuyenq3,Tiểu Học Nguyễn Thanh Tuyền,th,phuongxuanhoa,none,0,0,0,,,
thtranquocthao,Tiểu Học Trần Quốc Thảo,th,phuongxuanhoa,regular,3,3,2,2026-09-21,https://thtranquocthao.hcm.edu.vn/thuc-don-tuan/thuc-don-tuan-3-tu-ngay-2192026-den-ngay-2592026/ct/62600/1411127,
thcscolette,THCS Colette,thcs,phuongxuanhoa,regular,15,2,2,2026-09-12,https://thcscolette.hcm.edu.vn/thuc-don/thuc-don-ban-tru-nam-hoc-2026-2027-tuan-02-tu-ngay-14092026-den-ngay-18092026/ct/107367/759703,
thcshaibatrungq3,THCS Hai Bà Trưng,thcs,phuongxuanhoa,active,3,2,1,2026-09-05,https://thcshaibatrungq3.hcm.edu.vn/thuc-don-ban-tru/thuc-don-ban-tru-thang-9-nam-hoc-2026-2027/ct/111289/759253,
thcsleloiq3,THCS Lê Lợi,thcs,phuongxuanhoa,active,16,1,1,2026-09-14,http://thcsleloiq3.hcm.edu.vn/ban-tru/thuc-don-ban-tru-thang-92026/ct/99781/759603,
thcslequydonq3,THCS Lê Quý Đôn Quận 3,thcs,phuongxuanhoa,active,1,1,1,2026-09-07,https://thcslequydonq3.hcm.edu.vn/hoat-dong-ban-tru/thuc-don-ban-tru-tu-ngay-07092026-den-03102026/ct/111238/758707,
mnannhontay,Mầm non An Nhơn Tây,mn,xaannhontay,regular,23,7,4,2026-09-23,https://mnannhontay.hcm.edu.vn/dinh-duong/thuc-don-cho-be-ngay-2392026/ct/111203/889082,
mnanphucuchi,Mầm non An Phú,mn,xaannhontay,regular,16,2,2,2026-09-21,https://mnanphucuchi.hcm.edu.vn/thuc-don/thuc-don-tuan-tu-ngay-14092026-den-ngay-18092026/ct/107115/888407,
mnhoangminhdao,Mầm non Hoàng Minh Đạo,mn,xaannhontay,regular,28,14,4,2026-09-24,https://mnhoangminhdao.hcm.edu.vn/bua-an-hang-ngay/thuc-don-ngay-24092026-cua-tre/ct/111174/889207,
thannhondong,Tiểu Học An Nhơn Đông,th,xaannhontay,none,0,0,0,,,
thannhontay,Tiểu Học An Nhơn Tây,th,xaannhontay,none,0,0,0,,,
thanphu1,Tiểu Học An Phú 1,th,xaannhontay,none,0,0,0,,,
thanphu2,Tiểu Học An Phú 2,th,xaannhontay,none,0,0,0,,,
thphumyhung,Tiểu Học Phú Mỹ Hưng,th,xaannhontay,none,0,0,0,,,
thcsannhontay,THCS An Nhơn Tây,thcs,xaannhontay,none,0,0,0,,,
thcsanphucuchi,THCS An Phú,thcs,xaannhontay,none,0,0,0,,,
thcsphumyhung,THCS Phú Mỹ Hưng,thcs,xaannhontay,none,0,0,0,,,
mganthoidong,Mầm Non An Thới Đông,mn,xaanthoidong,stale,15,0,0,2026-05-27,https://mganthoidong.hcm.edu.vn/suc-khoe/thuc-don-tuan-37-tu-ngay-2552026-den-2952026/ct/27697/871324,
mglynhon,MẦM NON LÝ NHƠN,mn,xaanthoidong,stale,15,0,0,2026-05-04,https://mglynhon.hcm.edu.vn/suc-khoe-dinh-duong/thuc-don-tuan-1-thang-52026/ct/44488/864555,
mndoilau,Mầm non Doi Lầu,mn,xaanthoidong,stale,8,0,0,2026-02-23,https://mndoilau.hcm.edu.vn/cong-khai-thuc-don/thuc-don-tre-tuan-4-thang-2-nam-2026/ct/99581/839328,
thanthoidong,Tiểu Học An Thới Đông,th,xaanthoidong,none,0,0,0,,,
thdoilau,Tiểu Học Doi Lầu,th,xaanthoidong,none,0,0,0,,,
thlynhoncangio,Tiểu học Lý Nhơn,th,xaanthoidong,none,0,0,0,,,
thvamsat,Tiểu Học Vàm Sát,th,xaanthoidong,none,0,0,0,,,
thcsanthoidong,THCS An Thới Đông,thcs,xaanthoidong,stale,1,0,0,2021-11-06,https://thcsanthoidong.hcm.edu.vn/cong-nghe/bai-5-thuc-hanh-xay-dung-thuc-don/ct/86267/542976,
thcsdoilau,THCS Doi Lầu,thcs,xaanthoidong,none,0,0,0,,,
thcslynhon,THCS Lý Nhơn,thcs,xaanthoidong,stale,1,0,0,2020-04-26,https://thcslynhon.hcm.edu.vn/khoi-8/chu-de-thuc-hanh-xay-dung-thuc-don-2-tiet-phan-1-qui-trinh-to-chuc-bua-an-hop-l/ct/86980/459733,
mgbongsen1,Trường Mẫu Giáo Bông Sen 1,mn,xabadiem,stale,56,0,0,2026-08-04,http://mgbongsen1.hcm.edu.vn/thuc-don-dinh-duong-nam-hoc-2025-2026/thuc-don-tuan-0102-thang-8-nam-2026/ct/106706/882434,
mnbadiem,Mầm non Bà Điểm,mn,xabadiem,regular,48,3,2,2026-09-16,https://mnbadiem.hcm.edu.vn/thuc-don-nam-hoc-2026-2027/thuc-don-tuan-3-thang-09-tu-ngay-210926-250926/ct/111183/887597,
mnbengoan3,Mầm non Bé Ngoan 3,mn,xabadiem,regular,15,3,3,2026-09-21,https://mnbengoan3.hcm.edu.vn/thuc-don-tuan/thuc-don-tu-ngay-21-09-2026-den-ngay-25-09-2026/ct/106787/888441,
mnkhaitri,Mầm non Khai Trí,mn,xabadiem,none,0,0,0,,,
mnthienduc,Mầm non tư thục Thiên Đức,mn,xabadiem,stale,15,0,0,2025-02-07,https://mnthienduc.hcm.edu.vn/thuc-don-cua-tre/thuc-don-tuan-12-thang-022025/ct/93526/725969,
mnxuanthoithuong,Mầm non Xuân Thới Thượng,mn,xabadiem,regular,13,6,4,2026-09-21,https://mnxuanthoithuong.hcm.edu.vn/cham-soc-nuoi-duong/thuc-don-cho-tre-thu-ba-ngay-22-thang-9-nam-2026/ct/92377/888782,
thbuivanngu,Tiểu Học Bùi Văn Ngữ,th,xabadiem,active,16,1,1,2026-09-21,https://thbuivanngu.hcm.edu.vn/ban-tru/thuc-don-ban-tru-tuan-3-nam-hoc-2026-2027/ct/24104/1411069,
thmyhue,Tiểu Học Mỹ Huề,th,xabadiem,stale,41,0,0,2026-02-09,https://thmyhue.hcm.edu.vn/nam-hoc-2025-2026/thuc-don-ban-tru-tuan-22-tu-0902-1102/ct/141937/1366444,
thnamkykhoinghia,Tiểu Học Nam Kỳ Khởi Nghĩa,th,xabadiem,regular,19,3,3,2026-09-21,https://thnamkykhoinghia.hcm.edu.vn/thuc-don/thuc-don-tuan-3-tu-ngay-219-den-ngay-2592026/ct/139255/1411161,
thngabagiong,Tiểu Học Ngã Ba Giòng,th,xabadiem,stale,15,0,0,2026-05-25,http://thngabagiong.hcm.edu.vn/thuc-don/thuc-don-tu-ngay-2552026-den-ngay-2852026/ct/141880/1392673,
thtaybaclan,Tiểu Học Tây Bắc Lân,th,xabadiem,stale,17,0,0,2025-10-17,https://thtaybaclan.hcm.edu.vn/thuc-don-nam-hoc-2025-2026/thuc-don-tuan-7/ct/142695/1329681,
thxuanthoithuong,Tiểu Học Xuân Thới Thượng,th,xabadiem,regular,19,3,3,2026-09-21,https://thxuanthoithuong.hcm.edu.vn/nam-hoc-2026-2027/thuc-don-tuan-3-tu-2192026-den-2592026/ct/147886/1411067,
thcsbuivanthu,THCS Bùi Văn Thủ,thcs,xabadiem,active,1,1,1,2026-09-21,https://thcsbuivanthu.hcm.edu.vn/cong-khai/thuc-don-tuan-3-cua-truong-th-thcs-bui-van-thu-suat-an-ngay-thu-2/ct/104121/760459,
thcshahuytaphm,THCS Trung Mỹ Tây 1,thcs,xabadiem,stale,1,0,0,2022-11-02,https://thcshahuytaphm.hcm.edu.vn/khoi-8/sinh-8-thuc-hanh-lap-khau-phan-an-khoa-hoc/ct/100302/586023,
thcsnguyenvanbua,THCS Nguyễn Văn Bứa,thcs,xabadiem,stale,1,0,0,2023-02-19,https://thcsnguyenvanbua.hcm.edu.vn/thong-bao/thuc-don-ban-tru-tuan-3-cua-thang-22023/ct/84827/595801,
thcsphanconghon,THCS Phan Công Hớn,thcs,xabadiem,none,0,0,0,,,
thcsxuanthoithuong,THCS Xuân Thới Thượng,thcs,xabadiem,none,0,0,0,,,
thlaiuyen,Trường Tiểu học Lai Uyên,th,xabaubang,none,0,0,0,,,
mgtamthonhiep,Mầm non Tam Thôn Hiệp,mn,xabinhkhanh,active,3,1,1,2026-09-16,https://mgtamthonhiep.hcm.edu.vn/thuc-don-tuan/thuc-don-tuan-1/ct/101843/887608,
mnbinhancangio,Mầm non Bình An,mn,xabinhkhanh,stale,5,0,0,2026-04-16,https://mnbinhancangio.hcm.edu.vn/dinh-duong-suc-khoe/thuc-don-tuan-3-thang-42026/ct/24985/857734,
mnbinhkhanh,Mầm Non Bình Khánh,mn,xabinhkhanh,none,0,0,0,,,
thannghia,Tiểu Học An Nghĩa,th,xabinhkhanh,none,0,0,0,,,
thbinhkhanh,Tiểu Học Bình Khánh,th,xabinhkhanh,regular,17,3,2,2026-09-17,https://thbinhkhanh.hcm.edu.vn/thong-bao/thuc-don-ban-tru-tu-ngay-219-den-ngay-259/ct/44644/1411191,
thbinhmy,Tiểu Học Bình Mỹ,th,xabinhkhanh,none,0,0,0,,,
thbinhphuoc,Tiểu Học Bình Phước,th,xabinhkhanh,none,0,0,0,,,
thbinhthanh,Tiểu Học Bình Thạnh,th,xabinhkhanh,none,0,0,0,,,
thtamthonhiep,Tiểu Học Tam Thôn Hiệp,th,xabinhkhanh,none,0,0,0,,,
thcsbinhkhanh,THCS Bình Khánh,thcs,xabinhkhanh,none,0,0,0,,,
thcstamthonhiep,THCS Tam Thôn Hiệp,thcs,xabinhkhanh,stale,2,0,0,2020-05-08,https://thcstamthonhiep.hcm.edu.vn/k6/bai-22-quy-trinh-to-chuc-bua-an-tiep/ct/87145/468305,
mnbinhmy,Mầm non Bình Mỹ,mn,xabinhmy,none,0,0,0,,,
mnhoaphu,Mầm non Hòa Phú,mn,xabinhmy,none,0,0,0,,,
mntrungan1,Mầm non Trung An 1,mn,xabinhmy,stale,2,0,0,2025-05-14,https://mntrungan1.hcm.edu.vn/thu-moi/du-chuyen-de-ky-thuat-xay-dung-thuc-don-dam-bao-dinh-duong-hop-ly-cho-tre-mau-g/ct/67827/758121,
mntrungan2,Mầm non Trung An 2,mn,xabinhmy,stale,1,0,0,2018-11-12,http://mntrungan2.hcm.edu.vn/gioi-thieu/vv-tang-cuong-cong-tac-dam-bao-an-toan-thuc-pham-tai-cac-bep-an-suat-an-san-co/ct/19832/337367,
mntuoingoccuchi,Mầm non Tuổi Ngọc,mn,xabinhmy,none,0,0,0,,,
thbinhmy2,Tiểu Học Bình Mỹ 2,th,xabinhmy,stale,2,0,0,2026-01-26,https://thbinhmy2.hcm.edu.vn/gioi-thieu/quyet-dinh-ban-hanh-huong-dan-dinh-duong-doi-voi-bua-an-hoc-duong/ct/36220/1360619,
thbinhmycuchi,Tiểu Học Bình Mỹ,th,xabinhmy,none,0,0,0,,,
thhoaphu,Tiểu học Hòa Phú,th,xabinhmy,stale,1,0,0,2023-11-13,http://thhoaphu.hcm.edu.vn/thong-bao/ve-viec-tap-huan-cong-tac-to-chuc-bua-an-hoc-duong-ket-hop-tang-cuong-hoat-dong/ct/74553/1167864,
thtrungan,Tiểu học Trung An,th,xabinhmy,none,0,0,0,,,
thcsbinhhoa,THCS Bình Hòa,thcs,xabinhmy,stale,3,0,0,2021-02-23,https://thcsbinhhoa.hcm.edu.vn/mon-toan/tuan-24-don-thuc-don-thuc-dong-dang-hinh-hoc-on-tap-chuong/ct/89769/497770,
thcshoaphu,THCS Hòa Phú,thcs,xabinhmy,none,0,0,0,,,
thcstrungan,THCS Trung An,thcs,xabinhmy,none,0,0,0,,,
dongtranhcg,Mầm non Đồng Tranh,mn,xacangio,none,0,0,0,,,
mglonghoa,Mẫu Giáo Long Hoà,mn,xacangio,none,0,0,0,,,
mncanthanh,Mầm non Cần Thạnh,mn,xacangio,stale,31,0,0,2026-05-22,https://mncanthanh.hcm.edu.vn/thuc-don-hang-ngay-cua-tre/thuc-don-tre-tuan-452026/ct/99604/869936,
mncanthanh2,Trường Mầm Non Cần Thạnh 2,mn,xacangio,stale,15,0,0,2022-09-20,https://mncanthanh2.hcm.edu.vn/thuc-don/thuc-don-so-3-tu-199-den-2392022/ct/87938/531753,
thcanthanh,Tiểu Học Cần Thạnh,th,xacangio,none,0,0,0,,,
thcanthanh2,Tiểu học Cần Thạnh 2,th,xacangio,stale,4,0,0,2026-05-09,https://thcanthanh2.hcm.edu.vn/cong-khai/thuc-don-ban-tru-tuan-34-tu-ngay-1152026-den-ngay-1552026/ct/143026/1390178,
thdonghoa,Tiểu Học Đồng Hòa,th,xacangio,none,0,0,0,,,
thhoahiep,Tiểu Học Hoà Hiệp,th,xacangio,none,0,0,0,,,
thlongthanh,Tiểu Học Long Thạnh,th,xacangio,none,0,0,0,,,
thcscanthanh,THCS Cần Thạnh,thcs,xacangio,none,0,0,0,,,
thcslonghoa,THCS Long Hoà,thcs,xacangio,none,0,0,0,,,
thcstoctien-chaupha,Trường THCS Tóc Tiên,thcs,xachaupha,error,,,,,,sitemap fetch failed
mnphuocvinhan,Mầm non Phước Vĩnh An,mn,xacuchi,stale,3,0,0,2025-05-13,https://mnphuocvinhan.hcm.edu.vn/thu-moi/du-chuyen-de-ky-thuat-xay-dung-thuc-don-dam-bao-dinh-duong-hop-ly-cho-tre-mau-g/ct/65720/757616,
mntanphutrung1,Mầm non Tân Phú Trung 1,mn,xacuchi,none,0,0,0,,,
mntanphutrung2,Mầm non Tân Phú Trung 2,mn,xacuchi,stale,1,0,0,2024-11-12,https://mntanphutrung2.hcm.edu.vn/cham-soc-giao-duc/day-tre-cam-dua-trong-bua-an-gia-dinh-cho-cac-be-lop-choi-2/ct/90210/739471,
mntanthonghoi1,Mầm non Tân Thông Hội 1,mn,xacuchi,regular,16,3,3,2026-09-21,https://mntanthonghoi1.hcm.edu.vn/thuc-don-tuan/thuc-don-tuan-cua-be-tu-ngay-21092026-den-25092026/ct/109709/888398,
mntanthonghoi2,Mầm non Tân Thông Hội 2,mn,xacuchi,stale,14,0,0,2026-07-01,https://mntanthonghoi2.hcm.edu.vn/cham-soc-nuoi-duong/thuc-don-ngay-0372026/ct/66473/876915,
mntanthonghoi3,Mầm non Tân Thông Hội 3,mn,xacuchi,stale,15,0,0,2026-05-25,https://mntanthonghoi3.hcm.edu.vn/thuc-don-tuan-cua-be/thuc-don-tuan-cua-be-tu-ngay-25052026-den-29052026/ct/107005/870621,
mntanthonghoi4,Mầm non Tân Thông Hội 4,mn,xacuchi,none,0,0,0,,,
mnttthanhdanh,Mầm non tư thục Thành Danh,mn,xacuchi,none,0,0,0,,,
thnguyenthilang,Tiểu học Nguyễn Thị Lắng,th,xacuchi,none,0,0,0,,,
thphanvankhai,Tiểu học Phan Văn Khải,th,xacuchi,none,0,0,0,,,
thphuocvinhan,Tiểu Học Phước Vĩnh An,th,xacuchi,none,0,0,0,,,
thtanphucuchi,Tiểu Học Tân Phú,th,xacuchi,stale,15,0,0,2026-04-28,http://thtanphucuchi.hcm.edu.vn/nam-hoc-2025-2026/thuc-don-bep-an-tuan-32/ct/142106/1385919,
thtanphutrung,Tiểu Học Tân Phú Trung,th,xacuchi,none,0,0,0,,,
thtanthonghoi,Tiểu Học Tân Thông Hội,th,xacuchi,stale,3,0,0,2024-10-29,https://thtanthonghoi.hcm.edu.vn/thong-bao/thong-bao-ket-qua-lua-chon-doi-tac-cung-cap-suat-an-ban-tru-cho-hoc-sinh-ban-tr/ct/116231/1248828,
thtantien,Tiểu học Tân Tiến,th,xacuchi,none,0,0,0,,,
thtranvancham,Tiểu Học Trần Văn Chẩm,th,xacuchi,none,0,0,0,,,
thcscuchi,THCS Tân Phú Trung,thcs,xacuchi,none,0,0,0,,,
thcsphuocvinhan,THCS Phước Vĩnh An,thcs,xacuchi,none,0,0,0,,,
thcstanthonghoi,THCS Tân Thông Hội,thcs,xacuchi,none,0,0,0,,,
thcstantien,THCS Tân Tiến,thcs,xacuchi,none,0,0,0,,,
thcsthitrancuchi,TRƯỜNG THCS THỊ TRẤN,thcs,xacuchi,none,0,0,0,,,
ththanhan,Tiểu Học Thạnh An,th,xadaothanhan,none,0,0,0,,,
mgsonca3,Mầm non Sơn Ca 3,mn,xadongthanh,regular,5,4,2,2026-09-18,https://mgsonca3.hcm.edu.vn/thuc-don-tuan/thuc-don-tuan-3-thang-9-nam-2026-tu-2192026-den-2592026/ct/111186/888016,
mn2thang9hocmon,Mầm non 2 tháng 9,mn,xadongthanh,regular,15,4,3,2026-09-21,https://mn2thang9hocmon.hcm.edu.vn/thuc-don-cho-be/mn29-thuc-don-cho-be-tu-ngay-21-den-ngay-2592026/ct/92934/888426,
mnbongsenhocmon,Mầm non Bông Sen,mn,xadongthanh,stale,17,0,0,2026-07-31,http://mnbongsenhocmon.hcm.edu.vn/thuc-don-cua-be/thuc-don-tuan-1-thang-8-tu-ngay-03-den-782026/ct/106384/881985,
mnsoncahocmon,Mầm non Sơn Ca,mn,xadongthanh,regular,18,3,3,2026-09-21,https://mnsoncahocmon.hcm.edu.vn/thuc-don/thuc-don-tuan-3-thang-9-nam-2026/ct/93524/889125,
th-thcstrinhthidoi,Tiểu Học Tam Đông,th,xadongthanh,regular,36,2,2,2026-09-21,https://th-thcstrinhthidoi.hcm.edu.vn/nam-hoc-2026-2027/thuc-don-ban-tru-tu-ngay-219-den-2592026/ct/111584/761029,
thhoanghoatham,Tiểu Học Hoàng Hoa Thám,th,xadongthanh,regular,25,6,4,2026-09-24,http://thhoanghoatham.hcm.edu.vn/ban-tru/hinh-anh-bua-an-ban-tru-ngay-24092026/ct/148076/1412393,
thnguyenthinuoi,Tiểu Học Nguyễn Thị Nuôi,th,xadongthanh,stale,15,0,0,2026-01-13,https://thnguyenthinuoi.hcm.edu.vn/thuc-don-ban-tru/thuc-don-tuan-tu-ngay-12-01-2026-den-15-01-2026/ct/61535/1354546,
thtamdong2,Tiểu học Tam Đông 2,th,xadongthanh,stale,46,0,0,2026-05-10,https://thtamdong2.hcm.edu.vn/nam-hoc-25-26/thuc-don-ban-tru-tuan-34/ct/142070/1388934,
ththoitam,Tiểu Học Thới Tam,th,xadongthanh,stale,16,0,0,2026-05-16,https://ththoitam.hcm.edu.vn/thuc-don/tuan-36/ct/142071/1391137,
ththoithanh,Tiểu Học Thới Thạnh,th,xadongthanh,stale,19,0,0,2026-05-25,https://ththoithanh.hcm.edu.vn/thuc-don-ban-tru/thuc-don-ban-tru-tuan-36/ct/130501/1392623,
thtranvandanh,Tiểu Học Trần Văn Danh,th,xadongthanh,regular,3,3,3,2026-09-21,https://thtranvandanh.hcm.edu.vn/thuc-don-ban-tru/thuc-don-ban-tru-tuan-2-tu-ngay-21092026-den-25092026/ct/147924/1411245,
thvovanthang,Tiểu Học Võ Văn Thặng,th,xadongthanh,stale,15,0,0,2026-04-01,https://thvovanthang.hcm.edu.vn/thuc-don-ban-tru/thuc-don-ban-tru-thang-042026/ct/24099/1384836,
thcsdangcongbinh,THCS Đặng Công Bỉnh,thcs,xadongthanh,active,17,1,1,2026-09-14,https://thcsdangcongbinh.hcm.edu.vn/ban-tru/thuc-don-ban-tru-tuan-2-14-18092026/ct/99689/759514,
thcsdangthucvinh,THCS Đặng Thúc Vịnh,thcs,xadongthanh,stale,14,0,0,2026-05-11,https://thcsdangthucvinh.hcm.edu.vn/ban-tru/thuc-don-ban-tru-tu-11052026-den-15052026/ct/99352/749965,
thcsdongthanh,THCS Đông Thạnh,thcs,xadongthanh,stale,15,0,0,2024-05-12,https://thcsdongthanh.hcm.edu.vn/thuc-don-ban-tru/thuc-don-ban-tru-tu-ngay-1352024-den-1742024/ct/99861/655946,
thcsphandangluu-tamdong,THCS Tam Đông 1,thcs,xadongthanh,none,0,0,0,,,
mndongxanh,Mầm non Đồng Xanh,mn,xahiepphuoc,stale,15,0,0,2026-05-06,https://mndongxanh.hcm.edu.vn/thuc-don-tuan-cua-tre/thuc-don-thang-5-cs2/ct/99467/864272,
mnhuongduongnhabe,Mầm non Hướng Dương,mn,xahiepphuoc,active,3,1,1,2026-09-11,https://mnhuongduongnhabe.hcm.edu.vn/cong-khai/giam-sat-quy-trinh-tiep-nhan-thuc-pham-nham-dam-bao-an-toan-bua-an-cho-tre-cua/ct/99575/886603,
mnsaomainhabe,Mầm non Sao Mai,mn,xahiepphuoc,stale,17,0,0,2026-05-16,https://mnsaomainhabe.hcm.edu.vn/thuc-don/thuc-don-tuan-3-thang-52026-cua-cac-be/ct/100111/867784,
mntuoihoanb,Mầm non Tuổi Hoa,mn,xahiepphuoc,stale,1,0,0,2026-03-26,https://mntuoihoanb.hcm.edu.vn/tin-hoat-dong/truong-mam-non-tuoi-hoa-to-chuc-chuyen-de-doi-moi-hinh-thuc-bua-an-theo-huong-mo/ct/86932/855059,
thduongvanlich,Tiểu Học Dương Văn Lịch,th,xahiepphuoc,active,4,4,1,2026-09-23,https://thduongvanlich.hcm.edu.vn/3-cong-khai/bua-an-trua-thu-4-23092026/ct/88169/1411979,
thleloinhabe,Tiểu Học Lê Lợi,th,xahiepphuoc,regular,21,4,3,2026-09-20,https://thleloinhabe.hcm.edu.vn/thuc-don/nam-hoc-2026-2027-thuc-don-ban-tru-tuan-3-thang-9/ct/105939/1410530,
thlevanluong,Tiểu học Lê Văn Lương,th,xahiepphuoc,none,0,0,0,,,
thnguyenvantao,Tiểu học Nguyễn Văn Tạo,th,xahiepphuoc,regular,5,3,3,2026-09-21,http://thnguyenvantao.hcm.edu.vn/3-cong-khai/thuc-don-tuan-3-tu-ngay-2192026-den-2592026/ct/123940/1411028,
thtrangtankhuong,Tiểu Học Trang Tấn Khương,th,xahiepphuoc,stale,2,0,0,2026-08-18,http://thtrangtankhuong.hcm.edu.vn/cong-khai-theo-thong-tu-09/thong-bao-moi-tham-gia-du-goi-thau-cung-cap-suat-an-san-cho-hoc-sinh-ban-tru-na/ct/140298/1405699,
thcshaibatrungnhabe,THCS Hai Bà Trưng,thcs,xahiepphuoc,stale,18,0,0,2026-08-21,https://thcshaibatrungnhabe.hcm.edu.vn/3-cong-khai-nam-hoc-2026-2027/thong-bao-ve-viec-moi-cung-cap-dich-vu-suat-an-ban-tru-nam-hoc-2026-2027/ct/111207/757623,
thcshiepphuoc,THCS Hiệp Phước,thcs,xahiepphuoc,regular,5,3,3,2026-09-22,https://thcshiepphuoc.hcm.edu.vn/thuc-don-ban-tru/thuc-don-ban-tru-tu-ngay-219-2592026/ct/111298/760734,
mn23thang11hocmon,Mầm non 23 tháng 11,mn,xahocmon,stale,1,0,0,2018-05-28,https://mn23thang11hocmon.hcm.edu.vn/giao-duc-ky-nang-song/to-chuc-doi-moi-bua-an-cho-tre-trong-truong-mam-non/ct/28442/292761,
mnbengoan1,TRƯỜNG MẦM NON BÉ NGOAN 1,mn,xahocmon,stale,21,0,0,2026-08-10,https://mnbengoan1.hcm.edu.vn/thuc-don-cua-be/thuc-don-tu-ngay-1082026-den-1382026/ct/97850/882994,
mnbengoanhocmon,Mầm non Bé Ngoan,mn,xahocmon,regular,15,2,2,2026-09-11,https://mnbengoanhocmon.hcm.edu.vn/thuc-don/thuc-don-cua-be-tuan-2-nam-hoc-2026-2027/ct/84437/887082,
mnminhduc,Mầm non Minh Đức,mn,xahocmon,stale,17,0,0,2025-10-06,https://mnminhduc.hcm.edu.vn/thuc-don-cho-be/thuc-don-tu-6-den-10-10/ct/84863/789276,
mnmyhoa,Mầm non Mỹ Hòa,mn,xahocmon,regular,20,2,2,2026-09-11,https://mnmyhoa.hcm.edu.vn/dinh-duong-cho-be/thuc-don-thang-9-tuan-3-tu-1492026-1892026/ct/88716/886724,
mntanhiep,Mầm non Tân Hiệp,mn,xahocmon,stale,17,0,0,2026-06-29,http://mntanhiep.hcm.edu.vn/thuc-don-tuan-cua-be/thuc-don-an-trong-tuan-tuan-le-tu-ngay-29-6-2026-den-ngay-03-7-2026/ct/92856/876527,
mntanhoa,Mầm non Tân Hòa,mn,xahocmon,regular,31,3,3,2026-09-18,http://mntanhoa.hcm.edu.vn/thuc-don-tuan-ngay/thuc-don-an-trong-tuan-tuan-le-tu-ngay-2192026-den-ngay-2592026/ct/106765/887867,
mntanxuan,Mầm non Tân Xuân,mn,xahocmon,stale,17,0,0,2026-07-31,http://mntanxuan.hcm.edu.vn/thuc-don-hang-tuan/thuc-don-tuan-1-thang-8-nam-2026/ct/99955/881997,
thapdinh,Tiểu Học Ấp Đình,th,xahocmon,regular,15,2,2,2026-09-14,https://thapdinh.hcm.edu.vn/thuc-don/thuc-don-tuan-2-149-1892026-th-my-hoa/ct/146805/1409532,
thcauxanghocmon,Tiểu Học Cầu Xáng,th,xahocmon,stale,1,0,0,2025-08-22,https://thcauxanghocmon.hcm.edu.vn/thong-bao/thong-bao-cung-cap-suat-an-ban-tru-buoi-trua-cho-hoc-sinh-nam-hoc-2025-2026/ct/111735/1314439,
thmyhoa,Tiểu Học Mỹ Hòa,th,xahocmon,regular,48,3,3,2026-09-21,https://thmyhoa.hcm.edu.vn/2026-2027/thuc-don-tuan-3-21092026-25092026/ct/147846/1411052,
thnguyenanninh,Tiểu Học Nguyễn An Ninh,th,xahocmon,regular,17,4,3,2026-09-21,https://thnguyenanninh.hcm.edu.vn/ban-tru/thuc-don-ban-tru-tuan-3-nam-hoc-2026-2027/ct/74145/1411111,
thtanhiep,Tiểu Học Tân Hiệp,th,xahocmon,stale,1,0,0,2025-08-22,https://thtanhiep.hcm.edu.vn/cong-khai-gd/vv-de-nghi-cung-cap-bao-gia-suat-an-trua-ban-tru-cho-hoc-sinh/ct/79277/1314320,
thtruongvanngai,Tiểu Học Trương Văn Ngài,th,xahocmon,regular,21,4,3,2026-09-18,https://thtruongvanngai.hcm.edu.vn/thuc-don-ban-tru/thuc-don-ban-tru-tuan-3-tu-ngay-2182026-den-ngay-25092026/ct/143181/1412471,
thcsdovanday,THCS Đỗ Văn Dậy,thcs,xahocmon,regular,17,8,3,2026-09-23,https://thcsdovanday.hcm.edu.vn/thuc-don-ban-tru/thuc-don-ban-tru-23092026/ct/99435/760885,
thcsnguyenankhuong,THCS Nguyễn An Khương,thcs,xahocmon,regular,32,5,4,2026-09-24,https://thcsnguyenankhuong.hcm.edu.vn/ban-tru/cong-khai-suat-an-ngay-2492026/ct/109167/762412,
thcsnguyenthiminhkhai,THCS Thị Trấn,thcs,xahocmon,regular,6,3,2,2026-09-19,https://thcsnguyenthiminhkhai.hcm.edu.vn/7-1-thong-bao-nha-truong/thuc-don-ban-tru-tuan-3-tu-21092026-den-25092026/ct/102956/760244,
thcstoky,THCS Tô Ký,thcs,xahocmon,none,0,0,0,,,
mndaphuocbc,Mầm non Đa Phước,mn,xahunglong,stale,14,0,0,2026-05-22,https://mndaphuocbc.hcm.edu.vn/cham-soc-nuoi-duong/thuc-don-tre-tu-ngay-2552026-den-ngay-2852026/ct/108237/869790,
mnngoclanbinhchanh,Mầm non Ngọc Lan,mn,xahunglong,active,16,1,1,2026-09-04,https://mnngoclanbinhchanh.hcm.edu.vn/thuc-don-cua-tre/thuc-don-tuan-1-thang-9-nam-2026-tu-ngay-0792026-den-ngay-1192026/ct/104126/886647,
mnphonglanbinhchanh,Mầm non Phong Lan,mn,xahunglong,stale,15,0,0,2025-11-07,https://mnphonglanbinhchanh.hcm.edu.vn/thuc-don/thuc-don-tuan-101125-141125/ct/78772/805435,
mnquynhanhbc,Mầm non Quỳnh Anh,mn,xahunglong,stale,8,0,0,2026-03-23,https://mnquynhanhbc.hcm.edu.vn/suc-khoe-dinh-duong/thuc-don-tuan-4-thang-3-nam-2026/ct/28003/850830,
thhunglong,Tiểu Học Hưng Long,th,xahunglong,stale,2,0,0,2024-08-26,https://thhunglong.hcm.edu.vn/2024-2025/thong-bao-lua-chon-don-vi-cung-cap-suat-an-ban-truthuc-pham-dong-goi-va-nuoc-ti/ct/137747/1227551,
thnguyenvantran,Tiểu Học Nguyễn Văn Trân,th,xahunglong,regular,6,6,2,2026-09-24,https://thnguyenvantran.hcm.edu.vn/bep-an-ban-tru-ho-thi-nu/thuc-don-ban-tru-ngay-2492026/ct/147941/1412308,
thquiduc,Trường Tiểu Học Qui Đức,th,xahunglong,stale,3,0,0,2026-08-22,https://thquiduc.hcm.edu.vn/3-cong-khai/thong-bao-moi-chao-gia-cung-cap-suat-an-so-lien-lac-dien-tu-nuoc-uong-chieu-goi/ct/134685/1406466,
thrachgiabc,Tiểu học Rạch Già,th,xahunglong,none,0,0,0,,,
thcsdaphuoc,THCS Đa Phước,thcs,xahunglong,regular,16,3,3,2026-09-21,https://thcsdaphuoc.hcm.edu.vn/thuc-don-an-ban-tru/thuc-don-ban-tru-tuan-3-nam-hoc-2026-2027/ct/109368/760927,
thcshunglong,THCS Hưng Long,thcs,xahunglong,stale,2,0,0,2023-09-11,https://thcshunglong.hcm.edu.vn/cong-khai/thong-bao-quyet-dinh-phe-duyet-ket-qua-chon-nha-thau-cung-cap-suat-an-ban-tru-c/ct/92181/639815,
thcsquiduc,THCS Qui Đức,thcs,xahunglong,stale,3,0,0,2024-09-05,https://thcsquiduc.hcm.edu.vn/cong-khai/thong-bao-moi-nha-thau-tham-du-goi-thau-cung-cap-suat-an-ban-tru-cho-hoc-sinh-n/ct/105176/667825,
mamnontuoingoc,Trường Mầm non Tuổi Ngọc,mn,xakimlong,none,0,0,0,,,
chuongnhophuclongnb,Mầm non Chú Ong Nhỏ Phúc Long,mn,xanhabe,stale,1,0,0,2026-05-03,https://chuongnhophuclongnb.hcm.edu.vn/3-cong-khai/thuc-don-thang-052026/ct/110558/874366,
mnhoaminhabe,Mầm non Hoạ Mi,mn,xanhabe,active,11,1,1,2026-09-23,https://mnhoaminhabe.hcm.edu.vn/tin-tuc-su-kien/minh-bach-bua-an-tron-ven-niem-tin-cho-bua-an-cua-be/ct/25278/889056,
mnmanonnhabe,Mầm non Mạ Non,mn,xanhabe,stale,16,0,0,2026-08-14,http://mnmanonnhabe.hcm.edu.vn/thuc-don-tuan/thuc-don-tuan-2-thang-82026/ct/99570/883476,
mnnhabe,Trường Mầm non Nhà Bè,mn,xanhabe,stale,42,0,0,2026-05-21,http://mnnhabe.hcm.edu.vn/suc-khoe-dinh-duong/thuc-don-tuan-4-thang-5-nam-hoc-2025-2026-tu-ngay-2552026-2652026/ct/25981/870703,
mnphuxuan,Trường Mầm non Phú Xuân,mn,xanhabe,stale,1,0,0,2026-02-05,http://mnphuxuan.hcm.edu.vn/tin-tuc-su-kien/doi-moi-hinh-thuc-to-chuc-bua-an-sang/ct/84545/836652,
mnvanganh,Mầm non Vàng Anh,mn,xanhabe,regular,15,3,3,2026-09-18,http://mnvanganh.hcm.edu.vn/thuc-don-nam-2026-2027/thuc-don-tuan-3/ct/111163/888110,
mnvanhkhuyennhabe,Mầm non Vành Khuyên,mn,xanhabe,stale,20,0,0,2026-05-24,https://mnvanhkhuyennhabe.hcm.edu.vn/suc-khoe-dinh-duong/thuc-don-tuan-39-tu-ngay-255-2026-den-ngay-2952026/ct/26509/870380,
saovietnb,Trường Mầm Non Sao Việt Nhà Bè,mn,xanhabe,stale,6,0,0,2026-07-03,http://saovietnb.hcm.edu.vn/cong-khai/thuc-don-thang-72026/ct/102106/877506,
thbuithanhkhiet,Tiểu Học Bùi Thanh Khiết,th,xanhabe,none,0,0,0,,,
thbuivanba,Tiểu Học Bùi Văn Ba,th,xanhabe,stale,13,0,0,2026-01-11,https://thbuivanba.hcm.edu.vn/thong-bao/thuc-don-ban-tru-tuan-12012026-den-16012026/ct/42801/1354111,
thlamvanben,Tiểu Học Lâm Văn Bền,th,xanhabe,regular,15,3,3,2026-09-20,https://thlamvanben.hcm.edu.vn/ban-tru/thuc-don-ban-tru-tuan-03-tu-ngay-2192026-den-ngay-2592026/ct/129889/1410936,
thlequangdinh,Tiểu Học Lê Quang Định,th,xanhabe,stale,15,0,0,2026-05-17,https://thlequangdinh.hcm.edu.vn/ban-tru/thuc-don-ban-tru-tuan-35/ct/129347/1390922,
thnguyenbinh,Tiểu Học Nguyễn Bình,th,xanhabe,active,18,1,1,2026-09-14,https://thnguyenbinh.hcm.edu.vn/van-ban/thong-bao-ve-viec-chuan-bi-tiep-doan-tham-dinh-co-so-cung-cap-suat-an-ban-tru-t/ct/141149/1410606,
thnguyenhongthe,Tiểu học Nguyễn Hồng Thế,th,xanhabe,stale,19,0,0,2026-05-25,https://thnguyenhongthe.hcm.edu.vn/cong-khai-thuc-don-ban-tru-nam-hoc-2025-2026/thuc-don-ban-tru-ngay-2552026/ct/142027/1392761,
thnguyentrucnhabe,Tiểu Học Nguyễn Trực,th,xanhabe,regular,4,4,4,2026-09-24,https://thnguyentrucnhabe.hcm.edu.vn/3-cong-khai/thuc-don-tuan-4-2892026-02102026/ct/129329/1412385,
thnguyenviethongnhabe,Tiểu học Nguyễn Việt Hồng,th,xanhabe,stale,15,0,0,2026-05-11,https://thnguyenviethongnhabe.hcm.edu.vn/cong-tac-ban-tru/th-nvh-thuc-don-ban-tru-tuan-34-tu-ngay-1152026-den-ngay-1552025/ct/141160/1389263,
thtauyennhabe,Tiểu Học Tạ Uyên,th,xanhabe,active,16,1,1,2026-09-07,https://thtauyennhabe.hcm.edu.vn/ban-tru-2026-2027/thuc-don-ban-tru-tuan-tu-07-09-2026-den-11-09-2026/ct/147841/1408523,
thtranthingochan,Tiểu Học Trần Thị Ngọc Hân,th,xanhabe,regular,16,2,2,2026-09-21,http://thtranthingochan.hcm.edu.vn/thuc-don-ban-tru/thuc-don-ban-tru-tuan-3-tu-21092026-25092026/ct/133862/1411035,
thcslethanhcong,THCS Lê Thành Công,thcs,xanhabe,regular,17,3,3,2026-09-20,http://thcslethanhcong.hcm.edu.vn/thuc-don/thuc-don-tuan-3-nam-hoc-2026-2027/ct/109317/760970,
thcslevanhuu,THCS Lê Văn Hưu,thcs,xanhabe,regular,17,2,2,2026-09-18,https://thcslevanhuu.hcm.edu.vn/gioi-thieu/gioi-thieu-suat-an-ban-tru-nh-26-27/ct/13748/760074,
thcsnguyenbinhkhiemnhabe,THCS Nguyễn Bỉnh Khiêm,thcs,xanhabe,active,7,2,1,2026-09-06,https://thcsnguyenbinhkhiemnhabe.hcm.edu.vn/thong-bao/thuc-don-ban-tru-thang-092026-nam-hoc-2026-2027/ct/31046/758653,
thcsnguyenthihuong,THCS Nguyễn Thị Hương,thcs,xanhabe,regular,7,3,3,2026-09-20,http://thcsnguyenthihuong.hcm.edu.vn/hoat-dong-ban-tru/truong-thcs-nguyen-thi-huong-thong-bao-thuc-don-ban-tru-tuan-3-thang-92026/ct/111315/760378,
thcsnguyenvanquy,THCS Nguyễn Văn Quỳ,thcs,xanhabe,active,2,2,1,2026-08-24,https://thcsnguyenvanquy.hcm.edu.vn/thong-bao/thu-moi-tham-quan-co-so-cung-cap-suat-an-ban-tru-nh-2026-2027/ct/97479/757741,
thcsphuocloc,THCS Phước Lộc,thcs,xanhabe,stale,6,0,0,2026-05-04,https://thcsphuocloc.hcm.edu.vn/thong-bao/thuc-don-ban-tru-thang-5-nam-2026/ct/85172/749180,
mnnhuanduc,Mầm non Nhuận Đức,mn,xanhuanduc,none,0,0,0,,,
mnphamvancoi1,Mầm non Phạm Văn Cội 1,mn,xanhuanduc,stale,15,0,0,2024-11-12,http://mnphamvancoi1.hcm.edu.vn/thuc-don-tuan-cua-tre/thuc-don-tuan-02-thang-11-nam-2024/ct/87250/702416,
mnphamvancoi2,Mầm non Phạm Văn Cội 2,mn,xanhuanduc,none,0,0,0,,,
mntrunglapha,Mầm non Trung Lập Hạ,mn,xanhuanduc,none,0,0,0,,,
thlevanthe,Tiểu Học Lê Văn Thế,th,xanhuanduc,none,0,0,0,,,
thnhuanduc,Tiểu Học Nhuận Đức,th,xanhuanduc,active,17,1,1,2026-09-09,https://thnhuanduc.hcm.edu.vn/ban-cong-khai/thuc-don-ban-tru-tuan-1-nam-hoc-2026-2027/ct/67896/1408882,
thnhuanduc2,Trường Tiểu Học Nhuận Đức 2,th,xanhuanduc,none,0,0,0,,,
thphamvancoi,Tiểu Học Phạm Văn Cội,th,xanhuanduc,stale,1,0,0,2023-12-09,https://thphamvancoi.hcm.edu.vn/su-kien/bua-an-ban-tru-cung-con/ct/66035/1177472,
thtrunglapha,Tiểu Học Trung Lập Hạ,th,xanhuanduc,stale,2,0,0,2021-12-05,http://thtrunglapha.hcm.edu.vn/mon-ky-thuat/tuan-12-10-12-2021-khoi-5-mon-ki-thuat-bai-7-bay-don-bua-an-trong-gia-dinh/ct/96330/997932,
thcsnhuanduc,THCS Nhuận Đức,thcs,xanhuanduc,none,0,0,0,,,
thcstrunglapha,THCS Trung Lập Hạ,thcs,xanhuanduc,none,0,0,0,,,
mnphuochiep,Mầm non Phước Hiệp,mn,xatananhoi,stale,5,0,0,2026-05-17,https://mnphuochiep.hcm.edu.vn/ba-cong-khai/thuc-don-tuan-37-tu-ngay-1852026-den-ngay-2252026/ct/69386/868346,
mntananhoi1,Mầm non Tân An Hội 1,mn,xatananhoi,none,0,0,0,,,
mntananhoi2,Mầm non Tân An Hội 2,mn,xatananhoi,none,0,0,0,,,
mntaybac,Mầm non Tây Bắc,mn,xatananhoi,none,0,0,0,,,
mnthitrancuchi1,Mầm non Thị Trấn Củ Chi 1,mn,xatananhoi,none,0,0,0,,,
mnthitrancuchi2,Mầm non Thị Trấn Củ Chi 2,mn,xatananhoi,regular,17,3,3,2026-09-24,https://mnthitrancuchi2.hcm.edu.vn/thuc-don-hang-ngay-cua-tre/thuc-don-tuan-4-thang-9-tu-ngay-289-den-ngay-2102026/ct/97699/889191,
mnthitrancuchi3,Mầm non Thị Trấn Củ Chi 3,mn,xatananhoi,regular,15,3,3,2026-09-21,https://mnthitrancuchi3.hcm.edu.vn/thuc-don-cua-be/tuan-219-den-2592026/ct/79286/888412,
ndtekhuyettatcuchi,Nuôi dạy Trẻ em Khuyết Tật Củ Chi,th,xatananhoi,none,0,0,0,,,
thhuynhvanco,Tiểu học Huỳnh Văn Cọ,th,xatananhoi,none,0,0,0,,,
thlethipha,Tiểu Học Lê Thị Pha,th,xatananhoi,none,0,0,0,,,
thnguyenthiranh,TH Nguyễn Thị Rành,th,xatananhoi,stale,1,0,0,2025-09-13,http://thnguyenthiranh.hcm.edu.vn/danh-muc-cong-khai/thong-bao-tieu-chi-lua-chon-don-vi-cung-cap-suat-an-ban-tru-nuoc-uong-cho-hoc-s/ct/138194/1317816,
thnguyenvanlichcuchi,Tiểu Học Nguyễn Văn Lịch,th,xatananhoi,none,0,0,0,,,
thphuochiep,Tiểu Học Phước Hiệp,th,xatananhoi,none,0,0,0,,,
thtanthanh,Tiểu Học Tân Thành,th,xatananhoi,regular,24,3,3,2026-09-23,https://thtanthanh.hcm.edu.vn/thuc-don/thuc-don-tuan-03-tu-ngay-2192026-2592026/ct/137774/1412041,
ththitran2,Tiểu Học Thị Trấn 2,th,xatananhoi,stale,3,0,0,2024-01-08,https://ththitran2.hcm.edu.vn/phong-gddt/ve-viec-tang-cuong-kiem-tra-quan-ly-cong-tac-to-chuc-bua-an-hoc-duong-va-ve-sin/ct/66334/1180849,
ththitrancuchi,Tiểu Học Thị Trấn Củ Chi,th,xatananhoi,none,0,0,0,,,
thcsphuochiep,THCS Phước Hiệp,thcs,xatananhoi,none,0,0,0,,,
thcstananhoi,THCS Tân An Hội,thcs,xatananhoi,stale,1,0,0,2025-09-28,https://thcstananhoi.hcm.edu.vn/tai-chinh/qd-ke-hoach-lua-chon-nha-thau-suat-an-nam-hoc-2025-2026-truong-thcs-tan-an-hoi/ct/107703/717060,
thcsthitran2,THCS Thị Trấn 2,thcs,xatananhoi,active,15,1,1,2026-09-15,https://thcsthitran2.hcm.edu.vn/thuc-don-ban-tru/thuc-don-ban-tru-hang-ngay-tuan-tu-ngay-1492026-den-ngay-1892026/ct/106881/759697,
mnbabybinhchanh,Mầm non BaBy,mn,xatannhut,regular,14,6,2,2026-09-18,https://mnbabybinhchanh.hcm.edu.vn/cham-soc-nuoi-duong/mot-bua-an-vua-ngon-mieng-vua-du-chat-cho-cac-be-can-dam-bao-du-4-nhom-duong-ch/ct/107882/887887,
mnhoaanhdaobinhchanh,Mầm non Hoa Anh Đào,mn,xatannhut,regular,9,5,3,2026-09-22,https://mnhoaanhdaobinhchanh.hcm.edu.vn/suc-khoe-dinh-duong/an-toan-ve-sinh-thuc-pham-gui-tron-yeu-thuong-trong-tung-bua-an/ct/25111/888898,
mnhoanganh2bc,Mầm non Hoàng Anh 2,mn,xatannhut,none,0,0,0,,,
mnhoanganhbinhchanh,Mầm non Hoàng Anh,mn,xatannhut,regular,2,2,2,2026-09-15,http://mnhoanganhbinhchanh.hcm.edu.vn/tin-tuc/thuc-don-tuan-tu-ngay-1492026-den-ngay-1892026/ct/25308/887319,
thluongthevinhbc,TH Lương Thế Vinh,th,xatannhut,stale,1,0,0,2024-08-16,https://thluongthevinhbc.hcm.edu.vn/thong-bao/thong-bao-moi-thau-tham-du-chi-dinh-thau-rut-gon-goi-thau-cung-cap-suat-an-ban/ct/112676/1225827,
thnguyencuuphu,Tiểu học Nguyễn Cữu Phú,th,xatannhut,none,0,0,0,,,
thtankien,Tiểu Học Tân Kiên,th,xatannhut,stale,5,0,0,2025-11-06,https://thtankien.hcm.edu.vn/tin-tuc/thuc-don-thang-112025/ct/23717/1336895,
thtannhut,Tiểu Học Tân Nhựt,th,xatannhut,none,0,0,0,,,
thtannhut6,Tiểu Học Tân Nhựt 6,th,xatannhut,stale,2,0,0,2025-08-25,https://thtannhut6.hcm.edu.vn/thong-bao/thong-bao-ve-viec-lua-chon-nha-thau-cung-cap-suat-an-cho-hoc-sinh-ban-tru-truon/ct/46592/1313894,
thtantuc,Tiểu Học Tân Túc,th,xatannhut,stale,2,0,0,2025-08-21,https://thtantuc.hcm.edu.vn/3-cong-khai/ve-viec-phe-duyet-ke-hoach-lua-chon-nha-thau-thuoc-du-toan-cung-cap-suat-an-ban/ct/123847/1320752,
thtantuc2,Trường Tiểu học Tân Túc 2,th,xatannhut,stale,4,0,0,2025-08-29,https://thtantuc2.hcm.edu.vn/van-ban/cong-van-de-nghi-cung-cap-bao-gia-cung-cap-suat-an-xe-sua-sua-chua-tra-sua-tra/ct/80055/1315127,
thcsnguyenhuutri,THCS Nguyễn Hữu Trí,thcs,xatannhut,none,0,0,0,,,
thcstankien,THCS Tân Kiên,thcs,xatannhut,active,2,1,1,2026-08-28,https://thcstankien.hcm.edu.vn/ket-qua-thuc-hien-ke-hoach/quyet-dinh-ve-ke-hoach-lua-chon-nha-thau-du-toan-mua-sam-cung-cap-suat-an-trua/ct/108071/759005,
thcstannhut,THCS Tân Nhựt,thcs,xatannhut,none,0,0,0,,,
thcstantuc,THCS Tân Túc,thcs,xatannhut,none,0,0,0,,,
mn30thang4binhchanh,Mầm non 30 tháng 4,mn,xatanvinhloc,stale,17,0,0,2026-05-25,http://mn30thang4binhchanh.hcm.edu.vn/suc-khoe-dinh-duong/thuc-don-tuan-tu-ngay-2552026-den-ngay-2752026/ct/28549/870500,
mnhoathienly1,Mầm non Hoa Thiên Lý 1,mn,xatanvinhloc,stale,14,0,0,2025-12-26,https://mnhoathienly1.hcm.edu.vn/suc-khoe-dinh-duong/thuc-don-tuan-tre-nha-tre-tu-ngay-29122025-den-ngay-02012026/ct/19618/822480,
mnhoathienly2,MN Hoa Thiên Lý 2,mn,xatanvinhloc,none,0,0,0,,,
mnhoathienlybinhchanh,Mầm non Hoa Thiên Lý,mn,xatanvinhloc,none,0,0,0,,,
mnquynhhuong2,Mầm non Quỳnh Hương 2,mn,xatanvinhloc,none,0,0,0,,,
mnquynhhuongbinhchanh,Mầm non Quỳnh Hương,mn,xatanvinhloc,regular,16,4,3,2026-09-18,https://mnquynhhuongbinhchanh.hcm.edu.vn/thuc-don-cua-be/thuc-don-trua-189-cua-be/ct/103710/888023,
thanha,Tiểu Học An Hạ,th,xatanvinhloc,stale,1,0,0,2024-08-29,https://thanha.hcm.edu.vn/gioi-thieu/thong-bao-moi-tham-gia-lua-chon-don-vi-cung-cap-suat-an-ban-tru-cho-hoc-sinh-ta/ct/23730/1228043,
thlaihungcuong,Trường Tiểu Học Lại Hùng Cường,th,xatanvinhloc,none,0,0,0,,,
thphamvanhaibinhchanh,Tiểu Học Phạm Văn Hai,th,xatanvinhloc,none,0,0,0,,,
thtranquoctoanbinhchanh,Tiểu Học Trần Quốc Toản,th,xatanvinhloc,none,0,0,0,,,
thvinhlocb,Tiểu Học Vĩnh Lộc B,th,xatanvinhloc,stale,10,0,0,2026-04-29,https://thvinhlocb.hcm.edu.vn/hoat-dong-ban-tru/thuc-don-truong-tieu-hoc-vinh-loc-b-thang-5-nam-2026/ct/136396/1386367,
thvovanvan,Tiểu Học Võ Văn Vân,th,xatanvinhloc,stale,3,0,0,2025-03-01,https://thvovanvan.hcm.edu.vn/thong-bao/thuc-don-ban-tru-truong-tieu-hoc-vo-van-van-thang-032025/ct/63860/1281615,
thcsphamvanhai,THCS Phạm Văn Hai,thcs,xatanvinhloc,none,0,0,0,,,
thcsvinhlocb,THCS Vĩnh Lộc B,thcs,xatanvinhloc,none,0,0,0,,,
thcsvovanvan,THCS Võ Văn Vân,thcs,xatanvinhloc,stale,4,0,0,2025-09-13,http://thcsvovanvan.hcm.edu.vn/tin-tuc-su-kien/thong-bao-ve-ket-qua-lua-chon-nha-thau-cung-cap-suat-an-cho-hoc-sinh-ban-tru-na/ct/72106/715032,
mnphuocthanh,Mầm non Phước Thạnh,mn,xathaimy,stale,14,0,0,2026-03-18,https://mnphuocthanh.hcm.edu.vn/cham-soc-nuoi-duong/thuc-don-tuan-16032026-den-20032026/ct/69117/847415,
mnthaimy,Mầm non Thái Mỹ,mn,xathaimy,regular,19,3,3,2026-09-18,https://mnthaimy.hcm.edu.vn/tin-tuc/thuc-don-tuan-3-2192026-2592026/ct/19935/888415,
mntrunglapthuong,Mầm non Trung Lập Thượng,mn,xathaimy,stale,20,0,0,2026-05-04,http://mntrunglapthuong.hcm.edu.vn/cong-khai-thuc-don/thuc-don-tuan-tu-0405-den-08052026/ct/107489/863243,
mntuongvicuchi,TRƯỜNG MẦM NON TƯỜNG VI,mn,xathaimy,none,0,0,0,,,
thanphuoc,Tiểu Học An Phước,th,xathaimy,none,0,0,0,,,
thphuocthanhcuchi,Tiểu Học Phước Thạnh,th,xathaimy,none,0,0,0,,,
ththaimy,Tiểu Học Thái Mỹ,th,xathaimy,none,0,0,0,,,
thtrunglapthuong,Tiểu học Trung Lập Thượng,th,xathaimy,none,0,0,0,,,
th-thcstrunglapthuong,TH-THCS Trung Lập Thượng,thcs,xathaimy,none,0,0,0,,,
thcsnguyenvanxo,THCS Nguyễn Văn Xơ,thcs,xathaimy,none,0,0,0,,,
thcsphuocthanh,THCS Phước Thạnh,thcs,xathaimy,none,0,0,0,,,
mnthanhancangio,Mầm non Thạnh An,mn,xathanhan,regular,15,2,2,2026-09-14,https://mnthanhancangio.hcm.edu.vn/bua-an-cua-be/thuc-don-tuan-2-thang-9-nam-2026/ct/92850/887490,
mn19thang8,Mầm non 19 tháng 8,mn,xaxuanthoison,active,1,1,1,2026-09-17,https://mn19thang8.hcm.edu.vn/hoat-dong-cham-soc-skdd/thuc-don-tuan-3-thang-9-cua-tre-tu-ngay-2192026-2592026/ct/88961/888364,
mncuchoami,Mầm non Cúc Họa Mi,mn,xaxuanthoison,stale,15,0,0,2026-05-03,https://mncuchoami.hcm.edu.vn/thuc-don-trong-tuan/thuc-don-thang-5-nam-2026/ct/95446/869901,
mnhuongduonghocmon,Mầm non Hướng Dương,mn,xaxuanthoison,regular,19,3,3,2026-09-21,https://mnhuongduonghocmon.hcm.edu.vn/suc-khoe-dinh-duong/thuc-don-trong-tuan-tu-ngay-2109-den-25092026/ct/25453/888397,
mnnhixuan,Mầm non Nhị Xuân,mn,xaxuanthoison,regular,20,3,2,2026-09-18,https://mnnhixuan.hcm.edu.vn/thuc-don-tuan/thuc-don-tuan-3-tu-ngay-219-den-ngay-2592026/ct/73905/888105,
mnrangdonghocmon,TRƯỜNG MẦM NON TƯ THỤC RẠNG ĐÔNG,mn,xaxuanthoison,none,0,0,0,,,
mnxuanthoidong,Mầm non Xuân Thới Đông,mn,xaxuanthoison,regular,15,4,2,2026-09-18,https://mnxuanthoidong.hcm.edu.vn/thuc-don-hang-ngay-cua-be/thuc-don-cua-be-tuan-4-9-2026/ct/93540/887875,
thduongcongkhi,Tiểu Học Dương Công Khi,th,xaxuanthoison,stale,1,0,0,2024-09-04,http://thduongcongkhi.hcm.edu.vn/cong-khai/thong-bao-tieu-chi-lua-chon-doi-tac-cung-cap-suat-an-ban-tru-nh-2024-2025/ct/130488/1230181,
thlevanphien,Tiểu học Lê Văn Phiên,th,xaxuanthoison,stale,15,0,0,2026-05-04,http://thlevanphien.hcm.edu.vn/thuc-don-ban-tru/thuc-don-ban-tru-tuan-34-tu-0452026-den-0852026/ct/137928/1388357,
thlychinhthang2,Tiểu Học Lý Chính Thắng 2,th,xaxuanthoison,stale,1,0,0,2025-08-22,https://thlychinhthang2.hcm.edu.vn/cong-khai/thong-bao-lua-chon-don-vi-cung-cap-suat-an-ban-tru-nuoc-uong-cho-hoc-sinh-nam-h/ct/131889/1313422,
thnhitan,Tiểu Học Nhị Tân,th,xaxuanthoison,none,0,0,0,,,
thnhixuan,Tiểu Học Nhị Xuân,th,xaxuanthoison,stale,16,0,0,2026-08-19,https://thnhixuan.hcm.edu.vn/thong-bao/thong-bao-moi-bao-gia-suat-an-ban-tru-nuoc-uong-nam-hoc-2026-2027/ct/75940/1406114,
thtanxuan,Tiểu Học Tân Xuân,th,xaxuanthoison,stale,2,0,0,2026-08-19,https://thtanxuan.hcm.edu.vn/2026-2027/de-nghi-gui-bao-gia-mua-sam-dich-vu-cung-cap-suat-an-ban-tru-nuoc-uong-cho-hoc/ct/147731/1405799,
thtranvanmuoi,Tiểu Học Trần Văn Mười,th,xaxuanthoison,regular,49,3,2,2026-09-18,https://thtranvanmuoi.hcm.edu.vn/nam-hoc-2026-2027/thuc-don-tuan-3-tu-ngay-2192026-den-ngay-2592026/ct/147837/1411116,
th-thcstauyen,Trường TH-THCS Tạ Uyên,thcs,xaxuanthoison,active,33,4,1,2026-09-18,https://th-thcstauyen.hcm.edu.vn/cong-khai/thuc-don-tuan-3-cap-trung-hoc-co-so/ct/108948/760117,
thcslychinhthang1,THCS Lý ChÍnh Thắng 1,thcs,xaxuanthoison,none,0,0,0,,,
thcsnguyenhongdao,THCS Nguyễn Hồng Đào,thcs,xaxuanthoison,stale,3,0,0,2024-09-11,https://thcsnguyenhongdao.hcm.edu.vn/2024-2025/thuc-don-tuan-3-tu-ngay-1609-20092024/ct/107079/668889,
thcstanxuan,THCS Tân Xuân,thcs,xaxuanthoison,stale,1,0,0,2020-05-03,https://thcstanxuan.hcm.edu.vn/khoi-6/cong-nghe-6-bai-22-quy-trinh-to-chuc-bua-an-tiet-1/ct/89988/465929,
